report_id,event_type,time_utc,inferred_end_utc,duration_ms,report_date_utc,markers,source_file,json_pointer,method,route,status,is_navigation_request,reference_aliases,response_body_present,response_bytes
960b3314-f644-4832-a57e-fab108a95678,http_request,2026-09-19T21:53:59.166Z,2026-09-19T21:53:59.230Z,64,2026-09-19T21:54:35Z,"[""e705""]",data/urlquery-investigation-20260923/raw/960b3314-f644-4832-a57e-fab108a95678.json,/http/24,GET,ramp_launch,403,True,[],False,6459
960b3314-f644-4832-a57e-fab108a95678,http_request,2026-09-19T21:53:59.474Z,2026-09-19T21:53:59.494Z,20,2026-09-19T21:54:35Z,"[""e705""]",data/urlquery-investigation-20260923/raw/960b3314-f644-4832-a57e-fab108a95678.json,/http/12,GET,ramp_supporting_resource,200,False,[],False,230249
960b3314-f644-4832-a57e-fab108a95678,http_request,2026-09-19T21:53:59.506Z,2026-09-19T21:53:59.862Z,356,2026-09-19T21:54:35Z,"[""e705""]",data/urlquery-investigation-20260923/raw/960b3314-f644-4832-a57e-fab108a95678.json,/http/0,GET,ramp_supporting_resource,200,False,[],False,4158
960b3314-f644-4832-a57e-fab108a95678,http_request,2026-09-19T21:53:59.951Z,2026-09-19T21:53:59.977Z,26,2026-09-19T21:54:35Z,"[""e705""]",data/urlquery-investigation-20260923/raw/960b3314-f644-4832-a57e-fab108a95678.json,/http/49,GET,supporting_resource,200,False,[],False,86603
960b3314-f644-4832-a57e-fab108a95678,http_request,2026-09-19T21:53:59.977Z,2026-09-19T21:53:59.997Z,20,2026-09-19T21:54:35Z,"[""e705""]",data/urlquery-investigation-20260923/raw/960b3314-f644-4832-a57e-fab108a95678.json,/http/15,POST,ramp_supporting_resource,200,False,[],False,113760
960b3314-f644-4832-a57e-fab108a95678,http_request,2026-09-19T21:53:59.985Z,2026-09-19T21:53:59.998Z,13,2026-09-19T21:54:35Z,"[""e705""]",data/urlquery-investigation-20260923/raw/960b3314-f644-4832-a57e-fab108a95678.json,/http/28,GET,ramp_supporting_resource,403,False,[],False,5929
960b3314-f644-4832-a57e-fab108a95678,http_request,2026-09-19T21:54:00.063Z,2026-09-19T21:54:00.080Z,17,2026-09-19T21:54:35Z,"[""e705""]",data/urlquery-investigation-20260923/raw/960b3314-f644-4832-a57e-fab108a95678.json,/http/34,GET,supporting_resource,200,False,[],False,257330
960b3314-f644-4832-a57e-fab108a95678,http_request,2026-09-19T21:54:00.491Z,2026-09-19T21:54:00.674Z,183,2026-09-19T21:54:35Z,"[""e705""]",data/urlquery-investigation-20260923/raw/960b3314-f644-4832-a57e-fab108a95678.json,/http/29,POST,supporting_resource,200,False,[],False,822848
960b3314-f644-4832-a57e-fab108a95678,http_request,2026-09-19T21:54:00.946Z,2026-09-19T21:54:00.946Z,0,2026-09-19T21:54:35Z,"[""e705""]",data/urlquery-investigation-20260923/raw/960b3314-f644-4832-a57e-fab108a95678.json,/http/41,GET,supporting_resource,,False,[],False,0
960b3314-f644-4832-a57e-fab108a95678,http_request,2026-09-19T21:54:00.958Z,2026-09-19T21:54:00.963Z,5,2026-09-19T21:54:35Z,"[""e705""]",data/urlquery-investigation-20260923/raw/960b3314-f644-4832-a57e-fab108a95678.json,/http/16,GET,supporting_resource,401,False,[],False,1
960b3314-f644-4832-a57e-fab108a95678,http_request,2026-09-19T21:54:01.128Z,2026-09-19T21:54:01.133Z,5,2026-09-19T21:54:35Z,"[""e705""]",data/urlquery-investigation-20260923/raw/960b3314-f644-4832-a57e-fab108a95678.json,/http/55,GET,supporting_resource,200,False,[],False,2312
960b3314-f644-4832-a57e-fab108a95678,http_request,2026-09-19T21:54:02.338Z,2026-09-19T21:54:02.372Z,34,2026-09-19T21:54:35Z,"[""e705""]",data/urlquery-investigation-20260923/raw/960b3314-f644-4832-a57e-fab108a95678.json,/http/13,POST,supporting_resource,200,False,[],False,127232
960b3314-f644-4832-a57e-fab108a95678,http_request,2026-09-19T21:54:09.879Z,2026-09-19T21:54:10.303Z,424,2026-09-19T21:54:35Z,"[""e705""]",data/urlquery-investigation-20260923/raw/960b3314-f644-4832-a57e-fab108a95678.json,/http/30,GET,ramp_launch,200,True,[],False,13891
960b3314-f644-4832-a57e-fab108a95678,http_request,2026-09-19T21:54:10.420Z,2026-09-19T21:54:10.987Z,567,2026-09-19T21:54:35Z,"[""e705""]",data/urlquery-investigation-20260923/raw/960b3314-f644-4832-a57e-fab108a95678.json,/http/20,GET,ramp_supporting_resource,200,False,[],False,78072
960b3314-f644-4832-a57e-fab108a95678,http_request,2026-09-19T21:54:10.422Z,2026-09-19T21:54:10.751Z,329,2026-09-19T21:54:35Z,"[""e705""]",data/urlquery-investigation-20260923/raw/960b3314-f644-4832-a57e-fab108a95678.json,/http/42,GET,ramp_supporting_resource,200,False,[],False,36641
960b3314-f644-4832-a57e-fab108a95678,http_request,2026-09-19T21:54:10.424Z,2026-09-19T21:54:10.881Z,457,2026-09-19T21:54:35Z,"[""e705""]",data/urlquery-investigation-20260923/raw/960b3314-f644-4832-a57e-fab108a95678.json,/http/1,GET,ramp_supporting_resource,200,False,[],False,3983
960b3314-f644-4832-a57e-fab108a95678,http_request,2026-09-19T21:54:10.426Z,2026-09-19T21:54:10.884Z,458,2026-09-19T21:54:35Z,"[""e705""]",data/urlquery-investigation-20260923/raw/960b3314-f644-4832-a57e-fab108a95678.json,/http/4,GET,ramp_supporting_resource,200,False,[],False,173467
960b3314-f644-4832-a57e-fab108a95678,http_request,2026-09-19T21:54:10.428Z,2026-09-19T21:54:10.500Z,72,2026-09-19T21:54:35Z,"[""e705""]",data/urlquery-investigation-20260923/raw/960b3314-f644-4832-a57e-fab108a95678.json,/http/21,GET,ramp_supporting_resource,200,False,[],False,174483
960b3314-f644-4832-a57e-fab108a95678,http_request,2026-09-19T21:54:10.429Z,2026-09-19T21:54:10.791Z,362,2026-09-19T21:54:35Z,"[""e705""]",data/urlquery-investigation-20260923/raw/960b3314-f644-4832-a57e-fab108a95678.json,/http/50,GET,ramp_supporting_resource,200,False,[],False,967
960b3314-f644-4832-a57e-fab108a95678,http_request,2026-09-19T21:54:10.434Z,2026-09-19T21:54:10.519Z,85,2026-09-19T21:54:35Z,"[""e705""]",data/urlquery-investigation-20260923/raw/960b3314-f644-4832-a57e-fab108a95678.json,/http/6,GET,ramp_supporting_resource,200,False,[],False,227578
960b3314-f644-4832-a57e-fab108a95678,http_request,2026-09-19T21:54:10.437Z,2026-09-19T21:54:10.860Z,423,2026-09-19T21:54:35Z,"[""e705""]",data/urlquery-investigation-20260923/raw/960b3314-f644-4832-a57e-fab108a95678.json,/http/38,GET,ramp_supporting_resource,200,False,[],False,48179
960b3314-f644-4832-a57e-fab108a95678,http_request,2026-09-19T21:54:10.439Z,2026-09-19T21:54:10.493Z,54,2026-09-19T21:54:35Z,"[""e705""]",data/urlquery-investigation-20260923/raw/960b3314-f644-4832-a57e-fab108a95678.json,/http/17,GET,ramp_supporting_resource,200,False,[],False,11765
960b3314-f644-4832-a57e-fab108a95678,http_request,2026-09-19T21:54:10.440Z,2026-09-19T21:54:10.522Z,82,2026-09-19T21:54:35Z,"[""e705""]",data/urlquery-investigation-20260923/raw/960b3314-f644-4832-a57e-fab108a95678.json,/http/58,GET,ramp_supporting_resource,200,False,[],False,105327
960b3314-f644-4832-a57e-fab108a95678,http_request,2026-09-19T21:54:10.442Z,2026-09-19T21:54:10.802Z,360,2026-09-19T21:54:35Z,"[""e705""]",data/urlquery-investigation-20260923/raw/960b3314-f644-4832-a57e-fab108a95678.json,/http/39,GET,ramp_supporting_resource,200,False,[],False,5944
960b3314-f644-4832-a57e-fab108a95678,http_request,2026-09-19T21:54:10.443Z,2026-09-19T21:54:10.803Z,360,2026-09-19T21:54:35Z,"[""e705""]",data/urlquery-investigation-20260923/raw/960b3314-f644-4832-a57e-fab108a95678.json,/http/57,GET,ramp_supporting_resource,200,False,[],False,26492
960b3314-f644-4832-a57e-fab108a95678,http_request,2026-09-19T21:54:10.445Z,2026-09-19T21:54:10.790Z,345,2026-09-19T21:54:35Z,"[""e705""]",data/urlquery-investigation-20260923/raw/960b3314-f644-4832-a57e-fab108a95678.json,/http/40,GET,ramp_supporting_resource,200,False,[],False,273687
960b3314-f644-4832-a57e-fab108a95678,http_request,2026-09-19T21:54:10.447Z,2026-09-19T21:54:10.522Z,75,2026-09-19T21:54:35Z,"[""e705""]",data/urlquery-investigation-20260923/raw/960b3314-f644-4832-a57e-fab108a95678.json,/http/18,GET,ramp_supporting_resource,200,False,[],False,12499
960b3314-f644-4832-a57e-fab108a95678,http_request,2026-09-19T21:54:10.449Z,2026-09-19T21:54:10.581Z,132,2026-09-19T21:54:35Z,"[""e705""]",data/urlquery-investigation-20260923/raw/960b3314-f644-4832-a57e-fab108a95678.json,/http/7,GET,ramp_supporting_resource,200,False,[],False,14506
960b3314-f644-4832-a57e-fab108a95678,http_request,2026-09-19T21:54:10.450Z,2026-09-19T21:54:10.519Z,69,2026-09-19T21:54:35Z,"[""e705""]",data/urlquery-investigation-20260923/raw/960b3314-f644-4832-a57e-fab108a95678.json,/http/2,GET,ramp_supporting_resource,200,False,[],False,129998
960b3314-f644-4832-a57e-fab108a95678,http_request,2026-09-19T21:54:10.452Z,2026-09-19T21:54:10.513Z,61,2026-09-19T21:54:35Z,"[""e705""]",data/urlquery-investigation-20260923/raw/960b3314-f644-4832-a57e-fab108a95678.json,/http/14,GET,ramp_supporting_resource,200,False,[],False,10387
960b3314-f644-4832-a57e-fab108a95678,http_request,2026-09-19T21:54:10.453Z,2026-09-19T21:54:10.517Z,64,2026-09-19T21:54:35Z,"[""e705""]",data/urlquery-investigation-20260923/raw/960b3314-f644-4832-a57e-fab108a95678.json,/http/8,GET,ramp_supporting_resource,200,False,[],False,3109
960b3314-f644-4832-a57e-fab108a95678,http_request,2026-09-19T21:54:10.455Z,2026-09-19T21:54:10.498Z,43,2026-09-19T21:54:35Z,"[""e705""]",data/urlquery-investigation-20260923/raw/960b3314-f644-4832-a57e-fab108a95678.json,/http/5,GET,ramp_supporting_resource,200,False,[],False,24133
960b3314-f644-4832-a57e-fab108a95678,http_request,2026-09-19T21:54:10.456Z,2026-09-19T21:54:10.499Z,43,2026-09-19T21:54:35Z,"[""e705""]",data/urlquery-investigation-20260923/raw/960b3314-f644-4832-a57e-fab108a95678.json,/http/51,GET,ramp_supporting_resource,200,False,[],False,165
960b3314-f644-4832-a57e-fab108a95678,http_request,2026-09-19T21:54:10.458Z,2026-09-19T21:54:10.521Z,63,2026-09-19T21:54:35Z,"[""e705""]",data/urlquery-investigation-20260923/raw/960b3314-f644-4832-a57e-fab108a95678.json,/http/56,GET,ramp_supporting_resource,200,False,[],False,3487
960b3314-f644-4832-a57e-fab108a95678,http_request,2026-09-19T21:54:10.781Z,2026-09-19T21:54:11.118Z,337,2026-09-19T21:54:35Z,"[""e705""]",data/urlquery-investigation-20260923/raw/960b3314-f644-4832-a57e-fab108a95678.json,/http/31,GET,ramp_supporting_resource,200,False,[],False,1444
960b3314-f644-4832-a57e-fab108a95678,http_request,2026-09-19T21:54:11.161Z,2026-09-19T21:54:11.331Z,170,2026-09-19T21:54:35Z,"[""e705""]",data/urlquery-investigation-20260923/raw/960b3314-f644-4832-a57e-fab108a95678.json,/http/35,GET,ramp_supporting_resource,200,False,[],False,4158
960b3314-f644-4832-a57e-fab108a95678,http_request,2026-09-19T21:54:11.259Z,2026-09-19T21:54:11.487Z,228,2026-09-19T21:54:35Z,"[""e705""]",data/urlquery-investigation-20260923/raw/960b3314-f644-4832-a57e-fab108a95678.json,/http/36,GET,supporting_resource,200,False,[],False,17484
960b3314-f644-4832-a57e-fab108a95678,http_request,2026-09-19T21:54:11.262Z,2026-09-19T21:54:11.533Z,271,2026-09-19T21:54:35Z,"[""e705""]",data/urlquery-investigation-20260923/raw/960b3314-f644-4832-a57e-fab108a95678.json,/http/9,GET,supporting_resource,200,False,[],False,809
960b3314-f644-4832-a57e-fab108a95678,http_request,2026-09-19T21:54:11.326Z,2026-09-19T21:54:11.459Z,133,2026-09-19T21:54:35Z,"[""e705""]",data/urlquery-investigation-20260923/raw/960b3314-f644-4832-a57e-fab108a95678.json,/http/37,POST,/api/ramp-proxy/off_ramp_transactions/initiate/,308,False,[],False,0
960b3314-f644-4832-a57e-fab108a95678,http_request,2026-09-19T21:54:11.347Z,2026-09-19T21:54:11.466Z,119,2026-09-19T21:54:35Z,"[""e705""]",data/urlquery-investigation-20260923/raw/960b3314-f644-4832-a57e-fab108a95678.json,/http/43,POST,supporting_resource,200,False,[],False,15
960b3314-f644-4832-a57e-fab108a95678,http_request,2026-09-19T21:54:11.464Z,2026-09-19T21:54:12.054Z,590,2026-09-19T21:54:35Z,"[""e705""]",data/urlquery-investigation-20260923/raw/960b3314-f644-4832-a57e-fab108a95678.json,/http/46,POST,/api/ramp-proxy/off_ramp_transactions/initiate,200,False,[],False,402
960b3314-f644-4832-a57e-fab108a95678,http_request,2026-09-19T21:54:11.541Z,2026-09-19T21:54:11.616Z,75,2026-09-19T21:54:35Z,"[""e705""]",data/urlquery-investigation-20260923/raw/960b3314-f644-4832-a57e-fab108a95678.json,/http/44,GET,supporting_resource,200,False,[],False,104632
960b3314-f644-4832-a57e-fab108a95678,http_request,2026-09-19T21:54:11.545Z,2026-09-19T21:54:11.605Z,60,2026-09-19T21:54:35Z,"[""e705""]",data/urlquery-investigation-20260923/raw/960b3314-f644-4832-a57e-fab108a95678.json,/http/3,GET,supporting_resource,200,False,[],False,22947
960b3314-f644-4832-a57e-fab108a95678,http_request,2026-09-19T21:54:11.546Z,2026-09-19T21:54:11.612Z,66,2026-09-19T21:54:35Z,"[""e705""]",data/urlquery-investigation-20260923/raw/960b3314-f644-4832-a57e-fab108a95678.json,/http/25,GET,supporting_resource,200,False,[],False,11042
960b3314-f644-4832-a57e-fab108a95678,http_request,2026-09-19T21:54:11.552Z,2026-09-19T21:54:11.579Z,27,2026-09-19T21:54:35Z,"[""e705""]",data/urlquery-investigation-20260923/raw/960b3314-f644-4832-a57e-fab108a95678.json,/http/32,POST,supporting_resource,200,False,[],False,1002
960b3314-f644-4832-a57e-fab108a95678,http_request,2026-09-19T21:54:12.070Z,2026-09-19T21:54:12.209Z,139,2026-09-19T21:54:35Z,"[""e705""]",data/urlquery-investigation-20260923/raw/960b3314-f644-4832-a57e-fab108a95678.json,/http/22,GET,/transaction/[sell-ref]/sell,200,False,"[""sell-ref""]",False,3302
960b3314-f644-4832-a57e-fab108a95678,http_request,2026-09-19T21:54:12.088Z,2026-09-19T21:54:12.472Z,384,2026-09-19T21:54:35Z,"[""e705""]",data/urlquery-investigation-20260923/raw/960b3314-f644-4832-a57e-fab108a95678.json,/http/47,GET,ramp_supporting_resource,200,False,[],False,272
960b3314-f644-4832-a57e-fab108a95678,http_request,2026-09-19T21:54:12.215Z,2026-09-19T21:54:12.564Z,349,2026-09-19T21:54:35Z,"[""e705""]",data/urlquery-investigation-20260923/raw/960b3314-f644-4832-a57e-fab108a95678.json,/http/26,GET,ramp_supporting_resource,200,False,[],False,4814
960b3314-f644-4832-a57e-fab108a95678,http_request,2026-09-19T21:54:12.218Z,2026-09-19T21:54:12.245Z,27,2026-09-19T21:54:35Z,"[""e705""]",data/urlquery-investigation-20260923/raw/960b3314-f644-4832-a57e-fab108a95678.json,/http/10,GET,ramp_supporting_resource,200,False,[],False,14265
960b3314-f644-4832-a57e-fab108a95678,http_request,2026-09-19T21:54:12.220Z,2026-09-19T21:54:12.274Z,54,2026-09-19T21:54:35Z,"[""e705""]",data/urlquery-investigation-20260923/raw/960b3314-f644-4832-a57e-fab108a95678.json,/http/52,GET,ramp_supporting_resource,200,False,[],False,41291
960b3314-f644-4832-a57e-fab108a95678,http_request,2026-09-19T21:54:12.222Z,2026-09-19T21:54:12.246Z,24,2026-09-19T21:54:35Z,"[""e705""]",data/urlquery-investigation-20260923/raw/960b3314-f644-4832-a57e-fab108a95678.json,/http/53,GET,ramp_supporting_resource,200,False,[],False,874
960b3314-f644-4832-a57e-fab108a95678,http_request,2026-09-19T21:54:12.594Z,2026-09-19T21:54:12.726Z,132,2026-09-19T21:54:35Z,"[""e705""]",data/urlquery-investigation-20260923/raw/960b3314-f644-4832-a57e-fab108a95678.json,/http/23,GET,/api/ramp-proxy/off_ramp_transactions/transaction/[sell-ref]/,308,False,"[""sell-ref""]",False,0
960b3314-f644-4832-a57e-fab108a95678,http_request,2026-09-19T21:54:12.733Z,2026-09-19T21:54:12.915Z,182,2026-09-19T21:54:35Z,"[""e705""]",data/urlquery-investigation-20260923/raw/960b3314-f644-4832-a57e-fab108a95678.json,/http/45,GET,/api/ramp-proxy/off_ramp_transactions/transaction/[sell-ref],200,False,"[""sell-ref""]",False,385
960b3314-f644-4832-a57e-fab108a95678,http_request,2026-09-19T21:54:12.832Z,2026-09-19T21:54:12.994Z,162,2026-09-19T21:54:35Z,"[""e705""]",data/urlquery-investigation-20260923/raw/960b3314-f644-4832-a57e-fab108a95678.json,/http/11,GET,ramp_supporting_resource,200,False,[],False,4158
960b3314-f644-4832-a57e-fab108a95678,http_request,2026-09-19T21:54:12.945Z,2026-09-19T21:54:13.285Z,340,2026-09-19T21:54:35Z,"[""e705""]",data/urlquery-investigation-20260923/raw/960b3314-f644-4832-a57e-fab108a95678.json,/http/19,GET,ramp_supporting_resource,200,False,[],False,701
960b3314-f644-4832-a57e-fab108a95678,http_request,2026-09-19T21:54:12.947Z,2026-09-19T21:54:13.285Z,338,2026-09-19T21:54:35Z,"[""e705""]",data/urlquery-investigation-20260923/raw/960b3314-f644-4832-a57e-fab108a95678.json,/http/54,GET,ramp_supporting_resource,200,False,[],False,1720
960b3314-f644-4832-a57e-fab108a95678,http_request,2026-09-19T21:54:14.261Z,2026-09-19T21:54:14.307Z,46,2026-09-19T21:54:35Z,"[""e705""]",data/urlquery-investigation-20260923/raw/960b3314-f644-4832-a57e-fab108a95678.json,/http/27,POST,supporting_resource,200,False,[],False,15
960b3314-f644-4832-a57e-fab108a95678,http_request,2026-09-19T21:54:19.629Z,2026-09-19T21:54:19.677Z,48,2026-09-19T21:54:35Z,"[""e705""]",data/urlquery-investigation-20260923/raw/960b3314-f644-4832-a57e-fab108a95678.json,/http/48,POST,supporting_resource,200,False,[],False,15
960b3314-f644-4832-a57e-fab108a95678,http_request,2026-09-19T21:54:23.012Z,2026-09-19T21:54:23.191Z,179,2026-09-19T21:54:35Z,"[""e705""]",data/urlquery-investigation-20260923/raw/960b3314-f644-4832-a57e-fab108a95678.json,/http/59,POST,/api/ramp-proxy/off_ramp_transactions/refresh/,308,False,"[""sell-ref""]",False,0
960b3314-f644-4832-a57e-fab108a95678,http_request,2026-09-19T21:54:23.196Z,2026-09-19T21:54:23.914Z,718,2026-09-19T21:54:35Z,"[""e705""]",data/urlquery-investigation-20260923/raw/960b3314-f644-4832-a57e-fab108a95678.json,/http/33,POST,/api/ramp-proxy/off_ramp_transactions/refresh,200,False,"[""sell-ref""]",False,402
960b3314-f644-4832-a57e-fab108a95678,report_date,2026-09-19T21:54:35Z,,,2026-09-19T21:54:35Z,"[""e705""]",data/urlquery-investigation-20260923/raw/960b3314-f644-4832-a57e-fab108a95678.json,/date,,,,,,,
86c548e9-2caf-4596-a8ef-ba71f6cb9d72,http_request,2026-09-19T22:02:30.165Z,2026-09-19T22:02:33.524Z,3359,2026-09-19T22:03:10Z,[],data/urlquery-investigation-20260923/raw/86c548e9-2caf-4596-a8ef-ba71f6cb9d72.json,/http/0,GET,/api/ramp-proxy/off_ramp_transactions/transaction/[sell-ref]/,403,True,"[""sell-ref""]",False,5898
52d9be69-e168-4c93-b9f7-2f4ab04427a5,http_request,2026-09-19T22:02:30.189Z,2026-09-19T22:02:33.344Z,3155,2026-09-19T22:03:11Z,"[""e705""]",data/urlquery-investigation-20260923/raw/52d9be69-e168-4c93-b9f7-2f4ab04427a5.json,/http/26,GET,ramp_launch,403,True,[],False,6818
52d9be69-e168-4c93-b9f7-2f4ab04427a5,http_request,2026-09-19T22:02:33.569Z,2026-09-19T22:02:33.587Z,18,2026-09-19T22:03:11Z,"[""e705""]",data/urlquery-investigation-20260923/raw/52d9be69-e168-4c93-b9f7-2f4ab04427a5.json,/http/40,GET,ramp_supporting_resource,200,False,[],False,232659
52d9be69-e168-4c93-b9f7-2f4ab04427a5,http_request,2026-09-19T22:02:33.604Z,2026-09-19T22:02:33.610Z,6,2026-09-19T22:03:11Z,"[""e705""]",data/urlquery-investigation-20260923/raw/52d9be69-e168-4c93-b9f7-2f4ab04427a5.json,/http/56,GET,ramp_supporting_resource,403,False,[],False,6014
86c548e9-2caf-4596-a8ef-ba71f6cb9d72,http_request,2026-09-19T22:02:33.780Z,2026-09-19T22:02:33.801Z,21,2026-09-19T22:03:10Z,[],data/urlquery-investigation-20260923/raw/86c548e9-2caf-4596-a8ef-ba71f6cb9d72.json,/http/1,GET,ramp_supporting_resource,200,False,[],False,234207
86c548e9-2caf-4596-a8ef-ba71f6cb9d72,http_request,2026-09-19T22:02:33.810Z,2026-09-19T22:02:33.817Z,7,2026-09-19T22:03:10Z,[],data/urlquery-investigation-20260923/raw/86c548e9-2caf-4596-a8ef-ba71f6cb9d72.json,/http/14,GET,ramp_supporting_resource,403,False,[],False,5672
52d9be69-e168-4c93-b9f7-2f4ab04427a5,http_request,2026-09-19T22:02:33.942Z,2026-09-19T22:02:33.967Z,25,2026-09-19T22:03:11Z,"[""e705""]",data/urlquery-investigation-20260923/raw/52d9be69-e168-4c93-b9f7-2f4ab04427a5.json,/http/57,GET,supporting_resource,200,False,[],False,86603
52d9be69-e168-4c93-b9f7-2f4ab04427a5,http_request,2026-09-19T22:02:33.964Z,2026-09-19T22:02:33.983Z,19,2026-09-19T22:03:11Z,"[""e705""]",data/urlquery-investigation-20260923/raw/52d9be69-e168-4c93-b9f7-2f4ab04427a5.json,/http/41,POST,ramp_supporting_resource,200,False,[],False,113768
52d9be69-e168-4c93-b9f7-2f4ab04427a5,http_request,2026-09-19T22:02:33.971Z,2026-09-19T22:02:33.977Z,6,2026-09-19T22:03:11Z,"[""e705""]",data/urlquery-investigation-20260923/raw/52d9be69-e168-4c93-b9f7-2f4ab04427a5.json,/http/36,GET,ramp_supporting_resource,403,False,[],False,6014
52d9be69-e168-4c93-b9f7-2f4ab04427a5,http_request,2026-09-19T22:02:34.049Z,2026-09-19T22:02:34.074Z,25,2026-09-19T22:03:11Z,"[""e705""]",data/urlquery-investigation-20260923/raw/52d9be69-e168-4c93-b9f7-2f4ab04427a5.json,/http/27,GET,supporting_resource,200,False,[],False,249525
86c548e9-2caf-4596-a8ef-ba71f6cb9d72,http_request,2026-09-19T22:02:34.176Z,2026-09-19T22:02:34.198Z,22,2026-09-19T22:03:10Z,[],data/urlquery-investigation-20260923/raw/86c548e9-2caf-4596-a8ef-ba71f6cb9d72.json,/http/2,GET,supporting_resource,200,False,[],False,86603
86c548e9-2caf-4596-a8ef-ba71f6cb9d72,http_request,2026-09-19T22:02:34.192Z,2026-09-19T22:02:34.211Z,19,2026-09-19T22:03:10Z,[],data/urlquery-investigation-20260923/raw/86c548e9-2caf-4596-a8ef-ba71f6cb9d72.json,/http/3,POST,ramp_supporting_resource,200,False,[],False,113772
86c548e9-2caf-4596-a8ef-ba71f6cb9d72,http_request,2026-09-19T22:02:34.195Z,2026-09-19T22:02:34.232Z,37,2026-09-19T22:03:10Z,[],data/urlquery-investigation-20260923/raw/86c548e9-2caf-4596-a8ef-ba71f6cb9d72.json,/http/15,GET,ramp_supporting_resource,403,False,[],False,5672
86c548e9-2caf-4596-a8ef-ba71f6cb9d72,http_request,2026-09-19T22:02:34.282Z,2026-09-19T22:02:34.309Z,27,2026-09-19T22:03:10Z,[],data/urlquery-investigation-20260923/raw/86c548e9-2caf-4596-a8ef-ba71f6cb9d72.json,/http/7,GET,supporting_resource,200,False,[],False,245085
52d9be69-e168-4c93-b9f7-2f4ab04427a5,http_request,2026-09-19T22:02:34.405Z,2026-09-19T22:02:34.710Z,305,2026-09-19T22:03:11Z,"[""e705""]",data/urlquery-investigation-20260923/raw/52d9be69-e168-4c93-b9f7-2f4ab04427a5.json,/http/46,POST,supporting_resource,200,False,[],False,822688
86c548e9-2caf-4596-a8ef-ba71f6cb9d72,http_request,2026-09-19T22:02:34.666Z,2026-09-19T22:02:35.027Z,361,2026-09-19T22:03:10Z,[],data/urlquery-investigation-20260923/raw/86c548e9-2caf-4596-a8ef-ba71f6cb9d72.json,/http/4,POST,supporting_resource,200,False,[],False,823088
52d9be69-e168-4c93-b9f7-2f4ab04427a5,http_request,2026-09-19T22:02:35.014Z,2026-09-19T22:02:35.023Z,9,2026-09-19T22:03:11Z,"[""e705""]",data/urlquery-investigation-20260923/raw/52d9be69-e168-4c93-b9f7-2f4ab04427a5.json,/http/47,GET,supporting_resource,401,False,[],False,1
52d9be69-e168-4c93-b9f7-2f4ab04427a5,http_request,2026-09-19T22:02:35.016Z,2026-09-19T22:02:35.016Z,0,2026-09-19T22:03:11Z,"[""e705""]",data/urlquery-investigation-20260923/raw/52d9be69-e168-4c93-b9f7-2f4ab04427a5.json,/http/17,GET,supporting_resource,,False,[],False,0
86c548e9-2caf-4596-a8ef-ba71f6cb9d72,http_request,2026-09-19T22:02:35.328Z,2026-09-19T22:02:35.336Z,8,2026-09-19T22:03:10Z,[],data/urlquery-investigation-20260923/raw/86c548e9-2caf-4596-a8ef-ba71f6cb9d72.json,/http/8,GET,supporting_resource,401,False,[],False,1
52d9be69-e168-4c93-b9f7-2f4ab04427a5,http_request,2026-09-19T22:02:35.790Z,2026-09-19T22:02:35.798Z,8,2026-09-19T22:03:11Z,"[""e705""]",data/urlquery-investigation-20260923/raw/52d9be69-e168-4c93-b9f7-2f4ab04427a5.json,/http/7,GET,supporting_resource,200,False,[],False,9880
86c548e9-2caf-4596-a8ef-ba71f6cb9d72,http_request,2026-09-19T22:02:36.053Z,2026-09-19T22:02:36.062Z,9,2026-09-19T22:03:10Z,[],data/urlquery-investigation-20260923/raw/86c548e9-2caf-4596-a8ef-ba71f6cb9d72.json,/http/5,GET,supporting_resource,200,False,[],False,9198
52d9be69-e168-4c93-b9f7-2f4ab04427a5,http_request,2026-09-19T22:02:36.265Z,2026-09-19T22:02:36.309Z,44,2026-09-19T22:03:11Z,"[""e705""]",data/urlquery-investigation-20260923/raw/52d9be69-e168-4c93-b9f7-2f4ab04427a5.json,/http/12,POST,supporting_resource,200,False,[],False,127228
86c548e9-2caf-4596-a8ef-ba71f6cb9d72,http_request,2026-09-19T22:02:36.563Z,2026-09-19T22:02:36.611Z,48,2026-09-19T22:03:10Z,[],data/urlquery-investigation-20260923/raw/86c548e9-2caf-4596-a8ef-ba71f6cb9d72.json,/http/11,POST,supporting_resource,200,False,[],False,127232
86c548e9-2caf-4596-a8ef-ba71f6cb9d72,http_request,2026-09-19T22:02:40.426Z,2026-09-19T22:02:40.456Z,30,2026-09-19T22:03:10Z,[],data/urlquery-investigation-20260923/raw/86c548e9-2caf-4596-a8ef-ba71f6cb9d72.json,/http/9,POST,supporting_resource,200,False,[],False,6332
86c548e9-2caf-4596-a8ef-ba71f6cb9d72,http_request,2026-09-19T22:02:40.513Z,2026-09-19T22:02:40.513Z,0,2026-09-19T22:03:10Z,[],data/urlquery-investigation-20260923/raw/86c548e9-2caf-4596-a8ef-ba71f6cb9d72.json,/http/16,POST,ramp_supporting_resource,200,False,[],False,0
86c548e9-2caf-4596-a8ef-ba71f6cb9d72,http_request,2026-09-19T22:02:40.600Z,2026-09-19T22:02:40.992Z,392,2026-09-19T22:03:10Z,[],data/urlquery-investigation-20260923/raw/86c548e9-2caf-4596-a8ef-ba71f6cb9d72.json,/http/6,POST,/api/ramp-proxy/off_ramp_transactions/transaction/[sell-ref]/,308,True,"[""sell-ref""]",False,0
86c548e9-2caf-4596-a8ef-ba71f6cb9d72,http_request,2026-09-19T22:02:40.998Z,2026-09-19T22:02:41.001Z,3,2026-09-19T22:03:10Z,[],data/urlquery-investigation-20260923/raw/86c548e9-2caf-4596-a8ef-ba71f6cb9d72.json,/http/17,POST,/api/ramp-proxy/off_ramp_transactions/transaction/[sell-ref],302,True,"[""sell-ref""]",False,0
86c548e9-2caf-4596-a8ef-ba71f6cb9d72,http_request,2026-09-19T22:02:41.006Z,2026-09-19T22:02:41.135Z,129,2026-09-19T22:03:10Z,[],data/urlquery-investigation-20260923/raw/86c548e9-2caf-4596-a8ef-ba71f6cb9d72.json,/http/10,GET,/api/ramp-proxy/off_ramp_transactions/transaction/[sell-ref]/,308,True,"[""sell-ref""]",False,0
86c548e9-2caf-4596-a8ef-ba71f6cb9d72,http_request,2026-09-19T22:02:41.139Z,2026-09-19T22:02:41.291Z,152,2026-09-19T22:03:10Z,[],data/urlquery-investigation-20260923/raw/86c548e9-2caf-4596-a8ef-ba71f6cb9d72.json,/http/12,GET,/api/ramp-proxy/off_ramp_transactions/transaction/[sell-ref],403,True,"[""sell-ref""]",False,69
86c548e9-2caf-4596-a8ef-ba71f6cb9d72,http_request,2026-09-19T22:02:41.388Z,2026-09-19T22:02:41.388Z,0,2026-09-19T22:03:10Z,[],data/urlquery-investigation-20260923/raw/86c548e9-2caf-4596-a8ef-ba71f6cb9d72.json,/http/13,GET,ramp_supporting_resource,403,False,[],False,0
52d9be69-e168-4c93-b9f7-2f4ab04427a5,http_request,2026-09-19T22:02:42.423Z,2026-09-19T22:02:42.555Z,132,2026-09-19T22:03:11Z,"[""e705""]",data/urlquery-investigation-20260923/raw/52d9be69-e168-4c93-b9f7-2f4ab04427a5.json,/http/8,GET,ramp_launch,200,True,[],False,13891
52d9be69-e168-4c93-b9f7-2f4ab04427a5,http_request,2026-09-19T22:02:42.633Z,2026-09-19T22:02:42.653Z,20,2026-09-19T22:03:11Z,"[""e705""]",data/urlquery-investigation-20260923/raw/52d9be69-e168-4c93-b9f7-2f4ab04427a5.json,/http/20,GET,ramp_supporting_resource,200,False,[],False,78072
52d9be69-e168-4c93-b9f7-2f4ab04427a5,http_request,2026-09-19T22:02:42.638Z,2026-09-19T22:02:42.653Z,15,2026-09-19T22:03:11Z,"[""e705""]",data/urlquery-investigation-20260923/raw/52d9be69-e168-4c93-b9f7-2f4ab04427a5.json,/http/21,GET,ramp_supporting_resource,200,False,[],False,36641
52d9be69-e168-4c93-b9f7-2f4ab04427a5,http_request,2026-09-19T22:02:42.639Z,2026-09-19T22:02:42.655Z,16,2026-09-19T22:03:11Z,"[""e705""]",data/urlquery-investigation-20260923/raw/52d9be69-e168-4c93-b9f7-2f4ab04427a5.json,/http/3,GET,ramp_supporting_resource,200,False,[],False,3983
52d9be69-e168-4c93-b9f7-2f4ab04427a5,http_request,2026-09-19T22:02:42.640Z,2026-09-19T22:02:42.654Z,14,2026-09-19T22:03:11Z,"[""e705""]",data/urlquery-investigation-20260923/raw/52d9be69-e168-4c93-b9f7-2f4ab04427a5.json,/http/22,GET,ramp_supporting_resource,200,False,[],False,173467
52d9be69-e168-4c93-b9f7-2f4ab04427a5,http_request,2026-09-19T22:02:42.641Z,2026-09-19T22:02:42.655Z,14,2026-09-19T22:03:11Z,"[""e705""]",data/urlquery-investigation-20260923/raw/52d9be69-e168-4c93-b9f7-2f4ab04427a5.json,/http/42,GET,ramp_supporting_resource,200,False,[],False,174483
52d9be69-e168-4c93-b9f7-2f4ab04427a5,http_request,2026-09-19T22:02:42.643Z,2026-09-19T22:02:42.671Z,28,2026-09-19T22:03:11Z,"[""e705""]",data/urlquery-investigation-20260923/raw/52d9be69-e168-4c93-b9f7-2f4ab04427a5.json,/http/37,GET,ramp_supporting_resource,200,False,[],False,967
52d9be69-e168-4c93-b9f7-2f4ab04427a5,http_request,2026-09-19T22:02:42.644Z,2026-09-19T22:02:42.660Z,16,2026-09-19T22:03:11Z,"[""e705""]",data/urlquery-investigation-20260923/raw/52d9be69-e168-4c93-b9f7-2f4ab04427a5.json,/http/4,GET,ramp_supporting_resource,200,False,[],False,227578
52d9be69-e168-4c93-b9f7-2f4ab04427a5,http_request,2026-09-19T22:02:42.646Z,2026-09-19T22:02:42.658Z,12,2026-09-19T22:03:11Z,"[""e705""]",data/urlquery-investigation-20260923/raw/52d9be69-e168-4c93-b9f7-2f4ab04427a5.json,/http/32,GET,ramp_supporting_resource,200,False,[],False,48179
52d9be69-e168-4c93-b9f7-2f4ab04427a5,http_request,2026-09-19T22:02:42.648Z,2026-09-19T22:02:42.660Z,12,2026-09-19T22:03:11Z,"[""e705""]",data/urlquery-investigation-20260923/raw/52d9be69-e168-4c93-b9f7-2f4ab04427a5.json,/http/19,GET,ramp_supporting_resource,200,False,[],False,11765
52d9be69-e168-4c93-b9f7-2f4ab04427a5,http_request,2026-09-19T22:02:42.650Z,2026-09-19T22:02:42.662Z,12,2026-09-19T22:03:11Z,"[""e705""]",data/urlquery-investigation-20260923/raw/52d9be69-e168-4c93-b9f7-2f4ab04427a5.json,/http/0,GET,ramp_supporting_resource,200,False,[],False,105327
52d9be69-e168-4c93-b9f7-2f4ab04427a5,http_request,2026-09-19T22:02:42.652Z,2026-09-19T22:02:42.667Z,15,2026-09-19T22:03:11Z,"[""e705""]",data/urlquery-investigation-20260923/raw/52d9be69-e168-4c93-b9f7-2f4ab04427a5.json,/http/1,GET,ramp_supporting_resource,200,False,[],False,5944
52d9be69-e168-4c93-b9f7-2f4ab04427a5,http_request,2026-09-19T22:02:42.653Z,2026-09-19T22:02:42.666Z,13,2026-09-19T22:03:11Z,"[""e705""]",data/urlquery-investigation-20260923/raw/52d9be69-e168-4c93-b9f7-2f4ab04427a5.json,/http/34,GET,ramp_supporting_resource,200,False,[],False,26492
52d9be69-e168-4c93-b9f7-2f4ab04427a5,http_request,2026-09-19T22:02:42.655Z,2026-09-19T22:02:42.677Z,22,2026-09-19T22:03:11Z,"[""e705""]",data/urlquery-investigation-20260923/raw/52d9be69-e168-4c93-b9f7-2f4ab04427a5.json,/http/35,GET,ramp_supporting_resource,200,False,[],False,273687
52d9be69-e168-4c93-b9f7-2f4ab04427a5,http_request,2026-09-19T22:02:42.656Z,2026-09-19T22:02:42.669Z,13,2026-09-19T22:03:11Z,"[""e705""]",data/urlquery-investigation-20260923/raw/52d9be69-e168-4c93-b9f7-2f4ab04427a5.json,/http/58,GET,ramp_supporting_resource,200,False,[],False,12499
52d9be69-e168-4c93-b9f7-2f4ab04427a5,http_request,2026-09-19T22:02:42.658Z,2026-09-19T22:02:42.678Z,20,2026-09-19T22:03:11Z,"[""e705""]",data/urlquery-investigation-20260923/raw/52d9be69-e168-4c93-b9f7-2f4ab04427a5.json,/http/28,GET,ramp_supporting_resource,200,False,[],False,14506
52d9be69-e168-4c93-b9f7-2f4ab04427a5,http_request,2026-09-19T22:02:42.660Z,2026-09-19T22:02:42.672Z,12,2026-09-19T22:03:11Z,"[""e705""]",data/urlquery-investigation-20260923/raw/52d9be69-e168-4c93-b9f7-2f4ab04427a5.json,/http/23,GET,ramp_supporting_resource,200,False,[],False,129998
52d9be69-e168-4c93-b9f7-2f4ab04427a5,http_request,2026-09-19T22:02:42.662Z,2026-09-19T22:02:42.674Z,12,2026-09-19T22:03:11Z,"[""e705""]",data/urlquery-investigation-20260923/raw/52d9be69-e168-4c93-b9f7-2f4ab04427a5.json,/http/48,GET,ramp_supporting_resource,200,False,[],False,10387
52d9be69-e168-4c93-b9f7-2f4ab04427a5,http_request,2026-09-19T22:02:42.663Z,2026-09-19T22:02:42.674Z,11,2026-09-19T22:03:11Z,"[""e705""]",data/urlquery-investigation-20260923/raw/52d9be69-e168-4c93-b9f7-2f4ab04427a5.json,/http/43,GET,ramp_supporting_resource,200,False,[],False,3109
52d9be69-e168-4c93-b9f7-2f4ab04427a5,http_request,2026-09-19T22:02:42.664Z,2026-09-19T22:02:42.681Z,17,2026-09-19T22:03:11Z,"[""e705""]",data/urlquery-investigation-20260923/raw/52d9be69-e168-4c93-b9f7-2f4ab04427a5.json,/http/25,GET,ramp_supporting_resource,200,False,[],False,24133
52d9be69-e168-4c93-b9f7-2f4ab04427a5,http_request,2026-09-19T22:02:42.666Z,2026-09-19T22:02:42.689Z,23,2026-09-19T22:03:11Z,"[""e705""]",data/urlquery-investigation-20260923/raw/52d9be69-e168-4c93-b9f7-2f4ab04427a5.json,/http/29,GET,ramp_supporting_resource,200,False,[],False,165
52d9be69-e168-4c93-b9f7-2f4ab04427a5,http_request,2026-09-19T22:02:42.668Z,2026-09-19T22:02:42.682Z,14,2026-09-19T22:03:11Z,"[""e705""]",data/urlquery-investigation-20260923/raw/52d9be69-e168-4c93-b9f7-2f4ab04427a5.json,/http/38,GET,ramp_supporting_resource,200,False,[],False,3487
52d9be69-e168-4c93-b9f7-2f4ab04427a5,http_request,2026-09-19T22:02:42.748Z,2026-09-19T22:02:43.093Z,345,2026-09-19T22:03:11Z,"[""e705""]",data/urlquery-investigation-20260923/raw/52d9be69-e168-4c93-b9f7-2f4ab04427a5.json,/http/15,GET,ramp_supporting_resource,200,False,[],False,1444
52d9be69-e168-4c93-b9f7-2f4ab04427a5,http_request,2026-09-19T22:02:42.821Z,2026-09-19T22:02:42.908Z,87,2026-09-19T22:03:11Z,"[""e705""]",data/urlquery-investigation-20260923/raw/52d9be69-e168-4c93-b9f7-2f4ab04427a5.json,/http/51,GET,supporting_resource,200,False,[],False,17484
52d9be69-e168-4c93-b9f7-2f4ab04427a5,http_request,2026-09-19T22:02:42.823Z,2026-09-19T22:02:43.199Z,376,2026-09-19T22:03:11Z,"[""e705""]",data/urlquery-investigation-20260923/raw/52d9be69-e168-4c93-b9f7-2f4ab04427a5.json,/http/5,GET,supporting_resource,200,False,[],False,809
52d9be69-e168-4c93-b9f7-2f4ab04427a5,http_request,2026-09-19T22:02:42.868Z,2026-09-19T22:02:43.030Z,162,2026-09-19T22:03:11Z,"[""e705""]",data/urlquery-investigation-20260923/raw/52d9be69-e168-4c93-b9f7-2f4ab04427a5.json,/http/39,POST,/api/ramp-proxy/on_ramp_transactions/initiate/,308,False,[],False,0
52d9be69-e168-4c93-b9f7-2f4ab04427a5,http_request,2026-09-19T22:02:42.874Z,2026-09-19T22:02:43.016Z,142,2026-09-19T22:03:11Z,"[""e705""]",data/urlquery-investigation-20260923/raw/52d9be69-e168-4c93-b9f7-2f4ab04427a5.json,/http/30,POST,supporting_resource,200,False,[],False,15
52d9be69-e168-4c93-b9f7-2f4ab04427a5,http_request,2026-09-19T22:02:43.036Z,2026-09-19T22:02:43.432Z,396,2026-09-19T22:03:11Z,"[""e705""]",data/urlquery-investigation-20260923/raw/52d9be69-e168-4c93-b9f7-2f4ab04427a5.json,/http/44,POST,/api/ramp-proxy/on_ramp_transactions/initiate,200,False,[],False,426
52d9be69-e168-4c93-b9f7-2f4ab04427a5,http_request,2026-09-19T22:02:43.210Z,2026-09-19T22:02:43.272Z,62,2026-09-19T22:03:11Z,"[""e705""]",data/urlquery-investigation-20260923/raw/52d9be69-e168-4c93-b9f7-2f4ab04427a5.json,/http/59,GET,supporting_resource,200,False,[],False,104632
52d9be69-e168-4c93-b9f7-2f4ab04427a5,http_request,2026-09-19T22:02:43.212Z,2026-09-19T22:02:43.286Z,74,2026-09-19T22:03:11Z,"[""e705""]",data/urlquery-investigation-20260923/raw/52d9be69-e168-4c93-b9f7-2f4ab04427a5.json,/http/52,GET,supporting_resource,200,False,[],False,22947
52d9be69-e168-4c93-b9f7-2f4ab04427a5,http_request,2026-09-19T22:02:43.214Z,2026-09-19T22:02:43.270Z,56,2026-09-19T22:03:11Z,"[""e705""]",data/urlquery-investigation-20260923/raw/52d9be69-e168-4c93-b9f7-2f4ab04427a5.json,/http/13,GET,supporting_resource,200,False,[],False,11042
52d9be69-e168-4c93-b9f7-2f4ab04427a5,http_request,2026-09-19T22:02:43.222Z,2026-09-19T22:02:43.254Z,32,2026-09-19T22:03:11Z,"[""e705""]",data/urlquery-investigation-20260923/raw/52d9be69-e168-4c93-b9f7-2f4ab04427a5.json,/http/14,POST,supporting_resource,200,False,[],False,1002
52d9be69-e168-4c93-b9f7-2f4ab04427a5,http_request,2026-09-19T22:02:43.399Z,2026-09-19T22:02:43.726Z,327,2026-09-19T22:03:11Z,"[""e705""]",data/urlquery-investigation-20260923/raw/52d9be69-e168-4c93-b9f7-2f4ab04427a5.json,/http/53,GET,ramp_supporting_resource,200,False,[],False,4158
52d9be69-e168-4c93-b9f7-2f4ab04427a5,http_request,2026-09-19T22:02:43.446Z,2026-09-19T22:02:43.574Z,128,2026-09-19T22:03:11Z,"[""e705""]",data/urlquery-investigation-20260923/raw/52d9be69-e168-4c93-b9f7-2f4ab04427a5.json,/http/2,GET,/transaction/[buy-ref]/buy,200,False,"[""buy-ref""]",False,3300
52d9be69-e168-4c93-b9f7-2f4ab04427a5,http_request,2026-09-19T22:02:43.479Z,2026-09-19T22:02:43.837Z,358,2026-09-19T22:03:11Z,"[""e705""]",data/urlquery-investigation-20260923/raw/52d9be69-e168-4c93-b9f7-2f4ab04427a5.json,/http/9,GET,ramp_supporting_resource,200,False,[],False,272
52d9be69-e168-4c93-b9f7-2f4ab04427a5,http_request,2026-09-19T22:02:43.581Z,2026-09-19T22:02:43.591Z,10,2026-09-19T22:03:11Z,"[""e705""]",data/urlquery-investigation-20260923/raw/52d9be69-e168-4c93-b9f7-2f4ab04427a5.json,/http/45,GET,ramp_supporting_resource,200,False,[],False,4814
52d9be69-e168-4c93-b9f7-2f4ab04427a5,http_request,2026-09-19T22:02:43.583Z,2026-09-19T22:02:43.595Z,12,2026-09-19T22:03:11Z,"[""e705""]",data/urlquery-investigation-20260923/raw/52d9be69-e168-4c93-b9f7-2f4ab04427a5.json,/http/49,GET,ramp_supporting_resource,200,False,[],False,14265
52d9be69-e168-4c93-b9f7-2f4ab04427a5,http_request,2026-09-19T22:02:43.587Z,2026-09-19T22:02:43.599Z,12,2026-09-19T22:03:11Z,"[""e705""]",data/urlquery-investigation-20260923/raw/52d9be69-e168-4c93-b9f7-2f4ab04427a5.json,/http/50,GET,ramp_supporting_resource,200,False,[],False,41291
52d9be69-e168-4c93-b9f7-2f4ab04427a5,http_request,2026-09-19T22:02:43.589Z,2026-09-19T22:02:43.926Z,337,2026-09-19T22:03:11Z,"[""e705""]",data/urlquery-investigation-20260923/raw/52d9be69-e168-4c93-b9f7-2f4ab04427a5.json,/http/18,GET,ramp_supporting_resource,200,False,[],False,875
52d9be69-e168-4c93-b9f7-2f4ab04427a5,http_request,2026-09-19T22:02:43.948Z,2026-09-19T22:02:44.075Z,127,2026-09-19T22:03:11Z,"[""e705""]",data/urlquery-investigation-20260923/raw/52d9be69-e168-4c93-b9f7-2f4ab04427a5.json,/http/33,GET,/api/ramp-proxy/on_ramp_transactions/transaction/[buy-ref]/,308,False,"[""buy-ref""]",False,0
52d9be69-e168-4c93-b9f7-2f4ab04427a5,http_request,2026-09-19T22:02:44.079Z,2026-09-19T22:02:44.235Z,156,2026-09-19T22:03:11Z,"[""e705""]",data/urlquery-investigation-20260923/raw/52d9be69-e168-4c93-b9f7-2f4ab04427a5.json,/http/31,GET,/api/ramp-proxy/on_ramp_transactions/transaction/[buy-ref],200,False,"[""buy-ref""]",False,449
52d9be69-e168-4c93-b9f7-2f4ab04427a5,http_request,2026-09-19T22:02:44.179Z,2026-09-19T22:02:44.336Z,157,2026-09-19T22:03:11Z,"[""e705""]",data/urlquery-investigation-20260923/raw/52d9be69-e168-4c93-b9f7-2f4ab04427a5.json,/http/10,GET,ramp_supporting_resource,200,False,[],False,4158
52d9be69-e168-4c93-b9f7-2f4ab04427a5,http_request,2026-09-19T22:02:44.260Z,2026-09-19T22:02:44.595Z,335,2026-09-19T22:03:11Z,"[""e705""]",data/urlquery-investigation-20260923/raw/52d9be69-e168-4c93-b9f7-2f4ab04427a5.json,/http/24,GET,ramp_supporting_resource,200,False,[],False,1720
52d9be69-e168-4c93-b9f7-2f4ab04427a5,http_request,2026-09-19T22:02:44.261Z,2026-09-19T22:02:44.595Z,334,2026-09-19T22:03:11Z,"[""e705""]",data/urlquery-investigation-20260923/raw/52d9be69-e168-4c93-b9f7-2f4ab04427a5.json,/http/54,GET,ramp_supporting_resource,200,False,[],False,701
52d9be69-e168-4c93-b9f7-2f4ab04427a5,http_request,2026-09-19T22:02:45.819Z,2026-09-19T22:02:45.872Z,53,2026-09-19T22:03:11Z,"[""e705""]",data/urlquery-investigation-20260923/raw/52d9be69-e168-4c93-b9f7-2f4ab04427a5.json,/http/55,POST,supporting_resource,200,False,[],False,15
52d9be69-e168-4c93-b9f7-2f4ab04427a5,http_request,2026-09-19T22:02:51.285Z,2026-09-19T22:02:51.337Z,52,2026-09-19T22:03:11Z,"[""e705""]",data/urlquery-investigation-20260923/raw/52d9be69-e168-4c93-b9f7-2f4ab04427a5.json,/http/11,POST,supporting_resource,200,False,[],False,15
52d9be69-e168-4c93-b9f7-2f4ab04427a5,http_request,2026-09-19T22:02:54.390Z,2026-09-19T22:02:54.516Z,126,2026-09-19T22:03:11Z,"[""e705""]",data/urlquery-investigation-20260923/raw/52d9be69-e168-4c93-b9f7-2f4ab04427a5.json,/http/16,POST,/api/ramp-proxy/on_ramp_transactions/refresh/,308,False,"[""buy-ref""]",False,0
52d9be69-e168-4c93-b9f7-2f4ab04427a5,http_request,2026-09-19T22:02:54.521Z,2026-09-19T22:02:55.555Z,1034,2026-09-19T22:03:11Z,"[""e705""]",data/urlquery-investigation-20260923/raw/52d9be69-e168-4c93-b9f7-2f4ab04427a5.json,/http/6,POST,/api/ramp-proxy/on_ramp_transactions/refresh,200,False,"[""buy-ref""]",False,426
86c548e9-2caf-4596-a8ef-ba71f6cb9d72,report_date,2026-09-19T22:03:10Z,,,2026-09-19T22:03:10Z,[],data/urlquery-investigation-20260923/raw/86c548e9-2caf-4596-a8ef-ba71f6cb9d72.json,/date,,,,,,,
52d9be69-e168-4c93-b9f7-2f4ab04427a5,report_date,2026-09-19T22:03:11Z,,,2026-09-19T22:03:11Z,"[""e705""]",data/urlquery-investigation-20260923/raw/52d9be69-e168-4c93-b9f7-2f4ab04427a5.json,/date,,,,,,,
56d37b93-a246-48d2-ac60-ebcc9d887650,http_request,2026-09-19T22:13:01.132Z,2026-09-19T22:13:01.605Z,473,2026-09-19T22:13:34Z,"[""e705""]",data/urlquery-investigation-20260923/raw/56d37b93-a246-48d2-ac60-ebcc9d887650.json,/http/28,GET,ramp_launch,200,True,[],False,13891
56d37b93-a246-48d2-ac60-ebcc9d887650,http_request,2026-09-19T22:13:01.818Z,2026-09-19T22:13:01.848Z,30,2026-09-19T22:13:34Z,"[""e705""]",data/urlquery-investigation-20260923/raw/56d37b93-a246-48d2-ac60-ebcc9d887650.json,/http/16,GET,ramp_supporting_resource,200,False,[],False,78072
56d37b93-a246-48d2-ac60-ebcc9d887650,http_request,2026-09-19T22:13:01.820Z,2026-09-19T22:13:01.884Z,64,2026-09-19T22:13:34Z,"[""e705""]",data/urlquery-investigation-20260923/raw/56d37b93-a246-48d2-ac60-ebcc9d887650.json,/http/29,GET,ramp_supporting_resource,200,False,[],False,36641
56d37b93-a246-48d2-ac60-ebcc9d887650,http_request,2026-09-19T22:13:01.821Z,2026-09-19T22:13:01.849Z,28,2026-09-19T22:13:34Z,"[""e705""]",data/urlquery-investigation-20260923/raw/56d37b93-a246-48d2-ac60-ebcc9d887650.json,/http/17,GET,ramp_supporting_resource,200,False,[],False,3983
56d37b93-a246-48d2-ac60-ebcc9d887650,http_request,2026-09-19T22:13:01.822Z,2026-09-19T22:13:01.886Z,64,2026-09-19T22:13:34Z,"[""e705""]",data/urlquery-investigation-20260923/raw/56d37b93-a246-48d2-ac60-ebcc9d887650.json,/http/34,GET,ramp_supporting_resource,200,False,[],False,173467
56d37b93-a246-48d2-ac60-ebcc9d887650,http_request,2026-09-19T22:13:01.823Z,2026-09-19T22:13:01.882Z,59,2026-09-19T22:13:34Z,"[""e705""]",data/urlquery-investigation-20260923/raw/56d37b93-a246-48d2-ac60-ebcc9d887650.json,/http/18,GET,ramp_supporting_resource,200,False,[],False,174483
56d37b93-a246-48d2-ac60-ebcc9d887650,http_request,2026-09-19T22:13:01.824Z,2026-09-19T22:13:01.852Z,28,2026-09-19T22:13:34Z,"[""e705""]",data/urlquery-investigation-20260923/raw/56d37b93-a246-48d2-ac60-ebcc9d887650.json,/http/6,GET,ramp_supporting_resource,200,False,[],False,967
56d37b93-a246-48d2-ac60-ebcc9d887650,http_request,2026-09-19T22:13:01.825Z,2026-09-19T22:13:01.876Z,51,2026-09-19T22:13:34Z,"[""e705""]",data/urlquery-investigation-20260923/raw/56d37b93-a246-48d2-ac60-ebcc9d887650.json,/http/19,GET,ramp_supporting_resource,200,False,[],False,227578
56d37b93-a246-48d2-ac60-ebcc9d887650,http_request,2026-09-19T22:13:01.827Z,2026-09-19T22:13:01.852Z,25,2026-09-19T22:13:34Z,"[""e705""]",data/urlquery-investigation-20260923/raw/56d37b93-a246-48d2-ac60-ebcc9d887650.json,/http/22,GET,ramp_supporting_resource,200,False,[],False,48179
56d37b93-a246-48d2-ac60-ebcc9d887650,http_request,2026-09-19T22:13:01.828Z,2026-09-19T22:13:01.851Z,23,2026-09-19T22:13:34Z,"[""e705""]",data/urlquery-investigation-20260923/raw/56d37b93-a246-48d2-ac60-ebcc9d887650.json,/http/30,GET,ramp_supporting_resource,200,False,[],False,11765
56d37b93-a246-48d2-ac60-ebcc9d887650,http_request,2026-09-19T22:13:01.831Z,2026-09-19T22:13:01.892Z,61,2026-09-19T22:13:34Z,"[""e705""]",data/urlquery-investigation-20260923/raw/56d37b93-a246-48d2-ac60-ebcc9d887650.json,/http/31,GET,ramp_supporting_resource,200,False,[],False,105327
56d37b93-a246-48d2-ac60-ebcc9d887650,http_request,2026-09-19T22:13:01.832Z,2026-09-19T22:13:01.852Z,20,2026-09-19T22:13:34Z,"[""e705""]",data/urlquery-investigation-20260923/raw/56d37b93-a246-48d2-ac60-ebcc9d887650.json,/http/20,GET,ramp_supporting_resource,200,False,[],False,5944
56d37b93-a246-48d2-ac60-ebcc9d887650,http_request,2026-09-19T22:13:01.833Z,2026-09-19T22:13:01.886Z,53,2026-09-19T22:13:34Z,"[""e705""]",data/urlquery-investigation-20260923/raw/56d37b93-a246-48d2-ac60-ebcc9d887650.json,/http/7,GET,ramp_supporting_resource,200,False,[],False,26492
56d37b93-a246-48d2-ac60-ebcc9d887650,http_request,2026-09-19T22:13:01.834Z,2026-09-19T22:13:01.861Z,27,2026-09-19T22:13:34Z,"[""e705""]",data/urlquery-investigation-20260923/raw/56d37b93-a246-48d2-ac60-ebcc9d887650.json,/http/12,GET,ramp_supporting_resource,200,False,[],False,273687
56d37b93-a246-48d2-ac60-ebcc9d887650,http_request,2026-09-19T22:13:01.835Z,2026-09-19T22:13:01.891Z,56,2026-09-19T22:13:34Z,"[""e705""]",data/urlquery-investigation-20260923/raw/56d37b93-a246-48d2-ac60-ebcc9d887650.json,/http/23,GET,ramp_supporting_resource,200,False,[],False,12499
56d37b93-a246-48d2-ac60-ebcc9d887650,http_request,2026-09-19T22:13:01.837Z,2026-09-19T22:13:01.902Z,65,2026-09-19T22:13:34Z,"[""e705""]",data/urlquery-investigation-20260923/raw/56d37b93-a246-48d2-ac60-ebcc9d887650.json,/http/8,GET,ramp_supporting_resource,200,False,[],False,14506
56d37b93-a246-48d2-ac60-ebcc9d887650,http_request,2026-09-19T22:13:01.838Z,2026-09-19T22:13:01.864Z,26,2026-09-19T22:13:34Z,"[""e705""]",data/urlquery-investigation-20260923/raw/56d37b93-a246-48d2-ac60-ebcc9d887650.json,/http/0,GET,ramp_supporting_resource,200,False,[],False,129998
56d37b93-a246-48d2-ac60-ebcc9d887650,http_request,2026-09-19T22:13:01.838Z,2026-09-19T22:13:01.893Z,55,2026-09-19T22:13:34Z,"[""e705""]",data/urlquery-investigation-20260923/raw/56d37b93-a246-48d2-ac60-ebcc9d887650.json,/http/1,GET,ramp_supporting_resource,200,False,[],False,10387
56d37b93-a246-48d2-ac60-ebcc9d887650,http_request,2026-09-19T22:13:01.840Z,2026-09-19T22:13:01.899Z,59,2026-09-19T22:13:34Z,"[""e705""]",data/urlquery-investigation-20260923/raw/56d37b93-a246-48d2-ac60-ebcc9d887650.json,/http/2,GET,ramp_supporting_resource,200,False,[],False,3109
56d37b93-a246-48d2-ac60-ebcc9d887650,http_request,2026-09-19T22:13:01.841Z,2026-09-19T22:13:01.893Z,52,2026-09-19T22:13:34Z,"[""e705""]",data/urlquery-investigation-20260923/raw/56d37b93-a246-48d2-ac60-ebcc9d887650.json,/http/5,GET,ramp_supporting_resource,200,False,[],False,165
56d37b93-a246-48d2-ac60-ebcc9d887650,http_request,2026-09-19T22:13:01.841Z,2026-09-19T22:13:01.892Z,51,2026-09-19T22:13:34Z,"[""e705""]",data/urlquery-investigation-20260923/raw/56d37b93-a246-48d2-ac60-ebcc9d887650.json,/http/9,GET,ramp_supporting_resource,200,False,[],False,24133
56d37b93-a246-48d2-ac60-ebcc9d887650,http_request,2026-09-19T22:13:02.048Z,2026-09-19T22:13:02.065Z,17,2026-09-19T22:13:34Z,"[""e705""]",data/urlquery-investigation-20260923/raw/56d37b93-a246-48d2-ac60-ebcc9d887650.json,/http/3,GET,ramp_supporting_resource,200,False,[],False,3487
56d37b93-a246-48d2-ac60-ebcc9d887650,http_request,2026-09-19T22:13:02.124Z,2026-09-19T22:13:02.552Z,428,2026-09-19T22:13:34Z,"[""e705""]",data/urlquery-investigation-20260923/raw/56d37b93-a246-48d2-ac60-ebcc9d887650.json,/http/21,GET,ramp_supporting_resource,200,False,[],False,1444
56d37b93-a246-48d2-ac60-ebcc9d887650,http_request,2026-09-19T22:13:02.208Z,2026-09-19T22:13:08.897Z,6689,2026-09-19T22:13:34Z,"[""e705""]",data/urlquery-investigation-20260923/raw/56d37b93-a246-48d2-ac60-ebcc9d887650.json,/http/35,GET,supporting_resource,200,False,[],False,17484
56d37b93-a246-48d2-ac60-ebcc9d887650,http_request,2026-09-19T22:13:02.209Z,2026-09-19T22:13:02.269Z,60,2026-09-19T22:13:34Z,"[""e705""]",data/urlquery-investigation-20260923/raw/56d37b93-a246-48d2-ac60-ebcc9d887650.json,/http/24,GET,supporting_resource,200,False,[],False,809
56d37b93-a246-48d2-ac60-ebcc9d887650,http_request,2026-09-19T22:13:02.257Z,2026-09-19T22:13:02.409Z,152,2026-09-19T22:13:34Z,"[""e705""]",data/urlquery-investigation-20260923/raw/56d37b93-a246-48d2-ac60-ebcc9d887650.json,/http/36,POST,/api/ramp-proxy/off_ramp_transactions/initiate/,308,False,[],False,0
56d37b93-a246-48d2-ac60-ebcc9d887650,http_request,2026-09-19T22:13:02.263Z,2026-09-19T22:13:02.407Z,144,2026-09-19T22:13:34Z,"[""e705""]",data/urlquery-investigation-20260923/raw/56d37b93-a246-48d2-ac60-ebcc9d887650.json,/http/32,POST,supporting_resource,200,False,[],False,15
56d37b93-a246-48d2-ac60-ebcc9d887650,http_request,2026-09-19T22:13:02.287Z,2026-09-19T22:13:02.458Z,171,2026-09-19T22:13:34Z,"[""e705""]",data/urlquery-investigation-20260923/raw/56d37b93-a246-48d2-ac60-ebcc9d887650.json,/http/25,GET,supporting_resource,200,False,[],False,104632
56d37b93-a246-48d2-ac60-ebcc9d887650,http_request,2026-09-19T22:13:02.289Z,2026-09-19T22:13:02.339Z,50,2026-09-19T22:13:34Z,"[""e705""]",data/urlquery-investigation-20260923/raw/56d37b93-a246-48d2-ac60-ebcc9d887650.json,/http/13,GET,supporting_resource,200,False,[],False,22947
56d37b93-a246-48d2-ac60-ebcc9d887650,http_request,2026-09-19T22:13:02.290Z,2026-09-19T22:13:02.443Z,153,2026-09-19T22:13:34Z,"[""e705""]",data/urlquery-investigation-20260923/raw/56d37b93-a246-48d2-ac60-ebcc9d887650.json,/http/14,GET,supporting_resource,200,False,[],False,11042
56d37b93-a246-48d2-ac60-ebcc9d887650,http_request,2026-09-19T22:13:02.296Z,2026-09-19T22:13:02.387Z,91,2026-09-19T22:13:34Z,"[""e705""]",data/urlquery-investigation-20260923/raw/56d37b93-a246-48d2-ac60-ebcc9d887650.json,/http/33,POST,supporting_resource,200,False,[],False,1010
56d37b93-a246-48d2-ac60-ebcc9d887650,http_request,2026-09-19T22:13:02.414Z,2026-09-19T22:13:02.653Z,239,2026-09-19T22:13:34Z,"[""e705""]",data/urlquery-investigation-20260923/raw/56d37b93-a246-48d2-ac60-ebcc9d887650.json,/http/4,POST,/api/ramp-proxy/off_ramp_transactions/initiate,400,False,[],False,90
56d37b93-a246-48d2-ac60-ebcc9d887650,http_request,2026-09-19T22:13:02.692Z,2026-09-19T22:13:03.076Z,384,2026-09-19T22:13:34Z,"[""e705""]",data/urlquery-investigation-20260923/raw/56d37b93-a246-48d2-ac60-ebcc9d887650.json,/http/26,GET,ramp_supporting_resource,200,False,[],False,272
56d37b93-a246-48d2-ac60-ebcc9d887650,http_request,2026-09-19T22:13:02.890Z,2026-09-19T22:13:03.278Z,388,2026-09-19T22:13:34Z,"[""e705""]",data/urlquery-investigation-20260923/raw/56d37b93-a246-48d2-ac60-ebcc9d887650.json,/http/10,GET,ramp_supporting_resource,200,False,[],False,4158
56d37b93-a246-48d2-ac60-ebcc9d887650,http_request,2026-09-19T22:13:05.209Z,2026-09-19T22:13:05.262Z,53,2026-09-19T22:13:34Z,"[""e705""]",data/urlquery-investigation-20260923/raw/56d37b93-a246-48d2-ac60-ebcc9d887650.json,/http/15,POST,supporting_resource,200,False,[],False,15
56d37b93-a246-48d2-ac60-ebcc9d887650,http_request,2026-09-19T22:13:05.210Z,2026-09-19T22:13:05.262Z,52,2026-09-19T22:13:34Z,"[""e705""]",data/urlquery-investigation-20260923/raw/56d37b93-a246-48d2-ac60-ebcc9d887650.json,/http/11,POST,supporting_resource,200,False,[],False,15
56d37b93-a246-48d2-ac60-ebcc9d887650,http_request,2026-09-19T22:13:10.458Z,2026-09-19T22:13:10.511Z,53,2026-09-19T22:13:34Z,"[""e705""]",data/urlquery-investigation-20260923/raw/56d37b93-a246-48d2-ac60-ebcc9d887650.json,/http/27,POST,supporting_resource,200,False,[],False,15
56d37b93-a246-48d2-ac60-ebcc9d887650,report_date,2026-09-19T22:13:34Z,,,2026-09-19T22:13:34Z,"[""e705""]",data/urlquery-investigation-20260923/raw/56d37b93-a246-48d2-ac60-ebcc9d887650.json,/date,,,,,,,
52d1c0b4-e30c-4daf-ba93-4d4db542f0f6,http_request,2026-09-19T22:17:57.450Z,2026-09-19T22:17:57.524Z,74,2026-09-19T22:18:31Z,"[""e705""]",data/urlquery-investigation-20260923/raw/52d1c0b4-e30c-4daf-ba93-4d4db542f0f6.json,/http/8,GET,ramp_launch,403,True,[],False,6459
52d1c0b4-e30c-4daf-ba93-4d4db542f0f6,http_request,2026-09-19T22:17:57.753Z,2026-09-19T22:17:57.778Z,25,2026-09-19T22:18:31Z,"[""e705""]",data/urlquery-investigation-20260923/raw/52d1c0b4-e30c-4daf-ba93-4d4db542f0f6.json,/http/24,GET,ramp_supporting_resource,200,False,[],False,228233
52d1c0b4-e30c-4daf-ba93-4d4db542f0f6,http_request,2026-09-19T22:17:57.787Z,2026-09-19T22:17:58.148Z,361,2026-09-19T22:18:31Z,"[""e705""]",data/urlquery-investigation-20260923/raw/52d1c0b4-e30c-4daf-ba93-4d4db542f0f6.json,/http/14,GET,ramp_supporting_resource,200,False,[],False,4158
52d1c0b4-e30c-4daf-ba93-4d4db542f0f6,http_request,2026-09-19T22:17:58.030Z,2026-09-19T22:17:58.051Z,21,2026-09-19T22:18:31Z,"[""e705""]",data/urlquery-investigation-20260923/raw/52d1c0b4-e30c-4daf-ba93-4d4db542f0f6.json,/http/41,GET,supporting_resource,200,False,[],False,86603
52d1c0b4-e30c-4daf-ba93-4d4db542f0f6,http_request,2026-09-19T22:17:58.050Z,2026-09-19T22:17:58.097Z,47,2026-09-19T22:18:31Z,"[""e705""]",data/urlquery-investigation-20260923/raw/52d1c0b4-e30c-4daf-ba93-4d4db542f0f6.json,/http/19,POST,ramp_supporting_resource,200,False,[],False,113768
52d1c0b4-e30c-4daf-ba93-4d4db542f0f6,http_request,2026-09-19T22:17:58.052Z,2026-09-19T22:17:58.082Z,30,2026-09-19T22:18:31Z,"[""e705""]",data/urlquery-investigation-20260923/raw/52d1c0b4-e30c-4daf-ba93-4d4db542f0f6.json,/http/0,GET,ramp_supporting_resource,403,False,[],False,5950
52d1c0b4-e30c-4daf-ba93-4d4db542f0f6,http_request,2026-09-19T22:17:58.147Z,2026-09-19T22:17:58.161Z,14,2026-09-19T22:18:31Z,"[""e705""]",data/urlquery-investigation-20260923/raw/52d1c0b4-e30c-4daf-ba93-4d4db542f0f6.json,/http/29,GET,supporting_resource,200,False,[],False,248990
52d1c0b4-e30c-4daf-ba93-4d4db542f0f6,http_request,2026-09-19T22:17:58.523Z,2026-09-19T22:17:58.701Z,178,2026-09-19T22:18:31Z,"[""e705""]",data/urlquery-investigation-20260923/raw/52d1c0b4-e30c-4daf-ba93-4d4db542f0f6.json,/http/30,POST,supporting_resource,200,False,[],False,823072
52d1c0b4-e30c-4daf-ba93-4d4db542f0f6,http_request,2026-09-19T22:17:58.965Z,2026-09-19T22:17:58.971Z,6,2026-09-19T22:18:31Z,"[""e705""]",data/urlquery-investigation-20260923/raw/52d1c0b4-e30c-4daf-ba93-4d4db542f0f6.json,/http/42,GET,supporting_resource,200,False,[],False,7050
52d1c0b4-e30c-4daf-ba93-4d4db542f0f6,http_request,2026-09-19T22:18:00.099Z,2026-09-19T22:18:00.133Z,34,2026-09-19T22:18:31Z,"[""e705""]",data/urlquery-investigation-20260923/raw/52d1c0b4-e30c-4daf-ba93-4d4db542f0f6.json,/http/43,POST,supporting_resource,200,False,[],False,127232
52d1c0b4-e30c-4daf-ba93-4d4db542f0f6,http_request,2026-09-19T22:18:04.116Z,2026-09-19T22:18:04.137Z,21,2026-09-19T22:18:31Z,"[""e705""]",data/urlquery-investigation-20260923/raw/52d1c0b4-e30c-4daf-ba93-4d4db542f0f6.json,/http/44,POST,supporting_resource,200,False,[],False,5020
52d1c0b4-e30c-4daf-ba93-4d4db542f0f6,http_request,2026-09-19T22:18:04.180Z,2026-09-19T22:18:04.200Z,20,2026-09-19T22:18:31Z,"[""e705""]",data/urlquery-investigation-20260923/raw/52d1c0b4-e30c-4daf-ba93-4d4db542f0f6.json,/http/1,POST,ramp_supporting_resource,200,False,[],False,3240
52d1c0b4-e30c-4daf-ba93-4d4db542f0f6,http_request,2026-09-19T22:18:06.224Z,2026-09-19T22:18:06.661Z,437,2026-09-19T22:18:31Z,"[""e705""]",data/urlquery-investigation-20260923/raw/52d1c0b4-e30c-4daf-ba93-4d4db542f0f6.json,/http/2,GET,ramp_launch,200,True,[],False,13891
52d1c0b4-e30c-4daf-ba93-4d4db542f0f6,http_request,2026-09-19T22:18:06.769Z,2026-09-19T22:18:06.834Z,65,2026-09-19T22:18:31Z,"[""e705""]",data/urlquery-investigation-20260923/raw/52d1c0b4-e30c-4daf-ba93-4d4db542f0f6.json,/http/35,GET,ramp_supporting_resource,200,False,[],False,78072
52d1c0b4-e30c-4daf-ba93-4d4db542f0f6,http_request,2026-09-19T22:18:06.772Z,2026-09-19T22:18:06.793Z,21,2026-09-19T22:18:31Z,"[""e705""]",data/urlquery-investigation-20260923/raw/52d1c0b4-e30c-4daf-ba93-4d4db542f0f6.json,/http/9,GET,ramp_supporting_resource,200,False,[],False,36641
52d1c0b4-e30c-4daf-ba93-4d4db542f0f6,http_request,2026-09-19T22:18:06.774Z,2026-09-19T22:18:06.807Z,33,2026-09-19T22:18:31Z,"[""e705""]",data/urlquery-investigation-20260923/raw/52d1c0b4-e30c-4daf-ba93-4d4db542f0f6.json,/http/31,GET,ramp_supporting_resource,200,False,[],False,3983
52d1c0b4-e30c-4daf-ba93-4d4db542f0f6,http_request,2026-09-19T22:18:06.775Z,2026-09-19T22:18:06.831Z,56,2026-09-19T22:18:31Z,"[""e705""]",data/urlquery-investigation-20260923/raw/52d1c0b4-e30c-4daf-ba93-4d4db542f0f6.json,/http/25,GET,ramp_supporting_resource,200,False,[],False,173467
52d1c0b4-e30c-4daf-ba93-4d4db542f0f6,http_request,2026-09-19T22:18:06.777Z,2026-09-19T22:18:06.805Z,28,2026-09-19T22:18:31Z,"[""e705""]",data/urlquery-investigation-20260923/raw/52d1c0b4-e30c-4daf-ba93-4d4db542f0f6.json,/http/3,GET,ramp_supporting_resource,200,False,[],False,174483
52d1c0b4-e30c-4daf-ba93-4d4db542f0f6,http_request,2026-09-19T22:18:06.778Z,2026-09-19T22:18:06.810Z,32,2026-09-19T22:18:31Z,"[""e705""]",data/urlquery-investigation-20260923/raw/52d1c0b4-e30c-4daf-ba93-4d4db542f0f6.json,/http/32,GET,ramp_supporting_resource,200,False,[],False,967
52d1c0b4-e30c-4daf-ba93-4d4db542f0f6,http_request,2026-09-19T22:18:06.780Z,2026-09-19T22:18:06.810Z,30,2026-09-19T22:18:31Z,"[""e705""]",data/urlquery-investigation-20260923/raw/52d1c0b4-e30c-4daf-ba93-4d4db542f0f6.json,/http/45,GET,ramp_supporting_resource,200,False,[],False,227578
52d1c0b4-e30c-4daf-ba93-4d4db542f0f6,http_request,2026-09-19T22:18:06.781Z,2026-09-19T22:18:06.810Z,29,2026-09-19T22:18:31Z,"[""e705""]",data/urlquery-investigation-20260923/raw/52d1c0b4-e30c-4daf-ba93-4d4db542f0f6.json,/http/20,GET,ramp_supporting_resource,200,False,[],False,48179
52d1c0b4-e30c-4daf-ba93-4d4db542f0f6,http_request,2026-09-19T22:18:06.783Z,2026-09-19T22:18:06.813Z,30,2026-09-19T22:18:31Z,"[""e705""]",data/urlquery-investigation-20260923/raw/52d1c0b4-e30c-4daf-ba93-4d4db542f0f6.json,/http/15,GET,ramp_supporting_resource,200,False,[],False,11765
52d1c0b4-e30c-4daf-ba93-4d4db542f0f6,http_request,2026-09-19T22:18:06.785Z,2026-09-19T22:18:06.806Z,21,2026-09-19T22:18:31Z,"[""e705""]",data/urlquery-investigation-20260923/raw/52d1c0b4-e30c-4daf-ba93-4d4db542f0f6.json,/http/16,GET,ramp_supporting_resource,200,False,[],False,105327
52d1c0b4-e30c-4daf-ba93-4d4db542f0f6,http_request,2026-09-19T22:18:06.788Z,2026-09-19T22:18:06.810Z,22,2026-09-19T22:18:31Z,"[""e705""]",data/urlquery-investigation-20260923/raw/52d1c0b4-e30c-4daf-ba93-4d4db542f0f6.json,/http/21,GET,ramp_supporting_resource,200,False,[],False,5944
52d1c0b4-e30c-4daf-ba93-4d4db542f0f6,http_request,2026-09-19T22:18:06.789Z,2026-09-19T22:18:06.841Z,52,2026-09-19T22:18:31Z,"[""e705""]",data/urlquery-investigation-20260923/raw/52d1c0b4-e30c-4daf-ba93-4d4db542f0f6.json,/http/33,GET,ramp_supporting_resource,200,False,[],False,26492
52d1c0b4-e30c-4daf-ba93-4d4db542f0f6,http_request,2026-09-19T22:18:06.790Z,2026-09-19T22:18:06.814Z,24,2026-09-19T22:18:31Z,"[""e705""]",data/urlquery-investigation-20260923/raw/52d1c0b4-e30c-4daf-ba93-4d4db542f0f6.json,/http/36,GET,ramp_supporting_resource,200,False,[],False,273687
52d1c0b4-e30c-4daf-ba93-4d4db542f0f6,http_request,2026-09-19T22:18:06.791Z,2026-09-19T22:18:06.856Z,65,2026-09-19T22:18:31Z,"[""e705""]",data/urlquery-investigation-20260923/raw/52d1c0b4-e30c-4daf-ba93-4d4db542f0f6.json,/http/26,GET,ramp_supporting_resource,200,False,[],False,12499
52d1c0b4-e30c-4daf-ba93-4d4db542f0f6,http_request,2026-09-19T22:18:06.793Z,2026-09-19T22:18:06.818Z,25,2026-09-19T22:18:31Z,"[""e705""]",data/urlquery-investigation-20260923/raw/52d1c0b4-e30c-4daf-ba93-4d4db542f0f6.json,/http/27,GET,ramp_supporting_resource,200,False,[],False,14506
52d1c0b4-e30c-4daf-ba93-4d4db542f0f6,http_request,2026-09-19T22:18:06.794Z,2026-09-19T22:18:06.816Z,22,2026-09-19T22:18:31Z,"[""e705""]",data/urlquery-investigation-20260923/raw/52d1c0b4-e30c-4daf-ba93-4d4db542f0f6.json,/http/10,GET,ramp_supporting_resource,200,False,[],False,129998
52d1c0b4-e30c-4daf-ba93-4d4db542f0f6,http_request,2026-09-19T22:18:06.795Z,2026-09-19T22:18:06.814Z,19,2026-09-19T22:18:31Z,"[""e705""]",data/urlquery-investigation-20260923/raw/52d1c0b4-e30c-4daf-ba93-4d4db542f0f6.json,/http/46,GET,ramp_supporting_resource,200,False,[],False,10387
52d1c0b4-e30c-4daf-ba93-4d4db542f0f6,http_request,2026-09-19T22:18:06.797Z,2026-09-19T22:18:06.814Z,17,2026-09-19T22:18:31Z,"[""e705""]",data/urlquery-investigation-20260923/raw/52d1c0b4-e30c-4daf-ba93-4d4db542f0f6.json,/http/4,GET,ramp_supporting_resource,200,False,[],False,3109
52d1c0b4-e30c-4daf-ba93-4d4db542f0f6,http_request,2026-09-19T22:18:06.798Z,2026-09-19T22:18:06.827Z,29,2026-09-19T22:18:31Z,"[""e705""]",data/urlquery-investigation-20260923/raw/52d1c0b4-e30c-4daf-ba93-4d4db542f0f6.json,/http/17,GET,ramp_supporting_resource,200,False,[],False,24133
52d1c0b4-e30c-4daf-ba93-4d4db542f0f6,http_request,2026-09-19T22:18:06.799Z,2026-09-19T22:18:06.856Z,57,2026-09-19T22:18:31Z,"[""e705""]",data/urlquery-investigation-20260923/raw/52d1c0b4-e30c-4daf-ba93-4d4db542f0f6.json,/http/5,GET,ramp_supporting_resource,200,False,[],False,165
52d1c0b4-e30c-4daf-ba93-4d4db542f0f6,http_request,2026-09-19T22:18:06.800Z,2026-09-19T22:18:06.860Z,60,2026-09-19T22:18:31Z,"[""e705""]",data/urlquery-investigation-20260923/raw/52d1c0b4-e30c-4daf-ba93-4d4db542f0f6.json,/http/37,GET,ramp_supporting_resource,200,False,[],False,3487
52d1c0b4-e30c-4daf-ba93-4d4db542f0f6,http_request,2026-09-19T22:18:06.875Z,2026-09-19T22:18:07.215Z,340,2026-09-19T22:18:31Z,"[""e705""]",data/urlquery-investigation-20260923/raw/52d1c0b4-e30c-4daf-ba93-4d4db542f0f6.json,/http/11,GET,ramp_supporting_resource,200,False,[],False,1444
52d1c0b4-e30c-4daf-ba93-4d4db542f0f6,http_request,2026-09-19T22:18:06.959Z,2026-09-19T22:18:07.201Z,242,2026-09-19T22:18:31Z,"[""e705""]",data/urlquery-investigation-20260923/raw/52d1c0b4-e30c-4daf-ba93-4d4db542f0f6.json,/http/22,GET,supporting_resource,200,False,[],False,17484
52d1c0b4-e30c-4daf-ba93-4d4db542f0f6,http_request,2026-09-19T22:18:06.960Z,2026-09-19T22:18:07.098Z,138,2026-09-19T22:18:31Z,"[""e705""]",data/urlquery-investigation-20260923/raw/52d1c0b4-e30c-4daf-ba93-4d4db542f0f6.json,/http/18,GET,supporting_resource,200,False,[],False,809
52d1c0b4-e30c-4daf-ba93-4d4db542f0f6,http_request,2026-09-19T22:18:07.007Z,2026-09-19T22:18:07.182Z,175,2026-09-19T22:18:31Z,"[""e705""]",data/urlquery-investigation-20260923/raw/52d1c0b4-e30c-4daf-ba93-4d4db542f0f6.json,/http/28,POST,/api/ramp-proxy/off_ramp_transactions/initiate/,308,False,[],False,0
52d1c0b4-e30c-4daf-ba93-4d4db542f0f6,http_request,2026-09-19T22:18:07.016Z,2026-09-19T22:18:07.160Z,144,2026-09-19T22:18:31Z,"[""e705""]",data/urlquery-investigation-20260923/raw/52d1c0b4-e30c-4daf-ba93-4d4db542f0f6.json,/http/47,POST,supporting_resource,200,False,[],False,15
52d1c0b4-e30c-4daf-ba93-4d4db542f0f6,http_request,2026-09-19T22:18:07.129Z,2026-09-19T22:18:07.180Z,51,2026-09-19T22:18:31Z,"[""e705""]",data/urlquery-investigation-20260923/raw/52d1c0b4-e30c-4daf-ba93-4d4db542f0f6.json,/http/48,GET,supporting_resource,200,False,[],False,104632
52d1c0b4-e30c-4daf-ba93-4d4db542f0f6,http_request,2026-09-19T22:18:07.131Z,2026-09-19T22:18:07.293Z,162,2026-09-19T22:18:31Z,"[""e705""]",data/urlquery-investigation-20260923/raw/52d1c0b4-e30c-4daf-ba93-4d4db542f0f6.json,/http/38,GET,supporting_resource,200,False,[],False,22947
52d1c0b4-e30c-4daf-ba93-4d4db542f0f6,http_request,2026-09-19T22:18:07.132Z,2026-09-19T22:18:07.338Z,206,2026-09-19T22:18:31Z,"[""e705""]",data/urlquery-investigation-20260923/raw/52d1c0b4-e30c-4daf-ba93-4d4db542f0f6.json,/http/39,GET,supporting_resource,200,False,[],False,11042
52d1c0b4-e30c-4daf-ba93-4d4db542f0f6,http_request,2026-09-19T22:18:07.139Z,2026-09-19T22:18:07.170Z,31,2026-09-19T22:18:31Z,"[""e705""]",data/urlquery-investigation-20260923/raw/52d1c0b4-e30c-4daf-ba93-4d4db542f0f6.json,/http/40,POST,supporting_resource,200,False,[],False,1010
52d1c0b4-e30c-4daf-ba93-4d4db542f0f6,http_request,2026-09-19T22:18:07.213Z,2026-09-19T22:18:07.432Z,219,2026-09-19T22:18:31Z,"[""e705""]",data/urlquery-investigation-20260923/raw/52d1c0b4-e30c-4daf-ba93-4d4db542f0f6.json,/http/23,POST,/api/ramp-proxy/off_ramp_transactions/initiate,400,False,[],False,90
52d1c0b4-e30c-4daf-ba93-4d4db542f0f6,http_request,2026-09-19T22:18:07.438Z,2026-09-19T22:18:07.594Z,156,2026-09-19T22:18:31Z,"[""e705""]",data/urlquery-investigation-20260923/raw/52d1c0b4-e30c-4daf-ba93-4d4db542f0f6.json,/http/12,GET,ramp_supporting_resource,200,False,[],False,4158
52d1c0b4-e30c-4daf-ba93-4d4db542f0f6,http_request,2026-09-19T22:18:07.478Z,2026-09-19T22:18:07.883Z,405,2026-09-19T22:18:31Z,"[""e705""]",data/urlquery-investigation-20260923/raw/52d1c0b4-e30c-4daf-ba93-4d4db542f0f6.json,/http/6,GET,ramp_supporting_resource,200,False,[],False,272
52d1c0b4-e30c-4daf-ba93-4d4db542f0f6,http_request,2026-09-19T22:18:09.960Z,2026-09-19T22:18:10.013Z,53,2026-09-19T22:18:31Z,"[""e705""]",data/urlquery-investigation-20260923/raw/52d1c0b4-e30c-4daf-ba93-4d4db542f0f6.json,/http/13,POST,supporting_resource,200,False,[],False,15
52d1c0b4-e30c-4daf-ba93-4d4db542f0f6,http_request,2026-09-19T22:18:09.962Z,2026-09-19T22:18:10.015Z,53,2026-09-19T22:18:31Z,"[""e705""]",data/urlquery-investigation-20260923/raw/52d1c0b4-e30c-4daf-ba93-4d4db542f0f6.json,/http/7,POST,supporting_resource,200,False,[],False,15
52d1c0b4-e30c-4daf-ba93-4d4db542f0f6,http_request,2026-09-19T22:18:15.354Z,2026-09-19T22:18:15.406Z,52,2026-09-19T22:18:31Z,"[""e705""]",data/urlquery-investigation-20260923/raw/52d1c0b4-e30c-4daf-ba93-4d4db542f0f6.json,/http/34,POST,supporting_resource,200,False,[],False,15
52d1c0b4-e30c-4daf-ba93-4d4db542f0f6,report_date,2026-09-19T22:18:31Z,,,2026-09-19T22:18:31Z,"[""e705""]",data/urlquery-investigation-20260923/raw/52d1c0b4-e30c-4daf-ba93-4d4db542f0f6.json,/date,,,,,,,
8f9b4702-c140-4e98-a96e-9ea9a9484f98,http_request,2026-09-19T22:22:02.498Z,2026-09-19T22:22:05.718Z,3220,2026-09-19T22:22:46Z,[],data/urlquery-investigation-20260923/raw/8f9b4702-c140-4e98-a96e-9ea9a9484f98.json,/http/39,GET,/transaction/[sell-ref]/sell,403,True,"[""sell-ref""]",False,6059
8f9b4702-c140-4e98-a96e-9ea9a9484f98,http_request,2026-09-19T22:22:05.942Z,2026-09-19T22:22:05.960Z,18,2026-09-19T22:22:46Z,[],data/urlquery-investigation-20260923/raw/8f9b4702-c140-4e98-a96e-9ea9a9484f98.json,/http/54,GET,ramp_supporting_resource,200,False,[],False,233950
8f9b4702-c140-4e98-a96e-9ea9a9484f98,http_request,2026-09-19T22:22:05.972Z,2026-09-19T22:22:05.978Z,6,2026-09-19T22:22:46Z,[],data/urlquery-investigation-20260923/raw/8f9b4702-c140-4e98-a96e-9ea9a9484f98.json,/http/43,GET,ramp_supporting_resource,403,False,[],False,5865
8f9b4702-c140-4e98-a96e-9ea9a9484f98,http_request,2026-09-19T22:22:06.241Z,2026-09-19T22:22:06.268Z,27,2026-09-19T22:22:46Z,[],data/urlquery-investigation-20260923/raw/8f9b4702-c140-4e98-a96e-9ea9a9484f98.json,/http/49,GET,supporting_resource,200,False,[],False,86603
8f9b4702-c140-4e98-a96e-9ea9a9484f98,http_request,2026-09-19T22:22:06.255Z,2026-09-19T22:22:06.278Z,23,2026-09-19T22:22:46Z,[],data/urlquery-investigation-20260923/raw/8f9b4702-c140-4e98-a96e-9ea9a9484f98.json,/http/47,POST,ramp_supporting_resource,200,False,[],False,113768
8f9b4702-c140-4e98-a96e-9ea9a9484f98,http_request,2026-09-19T22:22:06.257Z,2026-09-19T22:22:06.267Z,10,2026-09-19T22:22:46Z,[],data/urlquery-investigation-20260923/raw/8f9b4702-c140-4e98-a96e-9ea9a9484f98.json,/http/5,GET,ramp_supporting_resource,403,False,[],False,5865
8f9b4702-c140-4e98-a96e-9ea9a9484f98,http_request,2026-09-19T22:22:06.343Z,2026-09-19T22:22:06.359Z,16,2026-09-19T22:22:46Z,[],data/urlquery-investigation-20260923/raw/8f9b4702-c140-4e98-a96e-9ea9a9484f98.json,/http/32,GET,supporting_resource,200,False,[],False,247602
8f9b4702-c140-4e98-a96e-9ea9a9484f98,http_request,2026-09-19T22:22:06.711Z,2026-09-19T22:22:06.903Z,192,2026-09-19T22:22:46Z,[],data/urlquery-investigation-20260923/raw/8f9b4702-c140-4e98-a96e-9ea9a9484f98.json,/http/11,POST,supporting_resource,200,False,[],False,822824
8f9b4702-c140-4e98-a96e-9ea9a9484f98,http_request,2026-09-19T22:22:07.196Z,2026-09-19T22:22:07.201Z,5,2026-09-19T22:22:46Z,[],data/urlquery-investigation-20260923/raw/8f9b4702-c140-4e98-a96e-9ea9a9484f98.json,/http/8,GET,supporting_resource,401,False,[],False,1
8f9b4702-c140-4e98-a96e-9ea9a9484f98,http_request,2026-09-19T22:22:07.199Z,2026-09-19T22:22:07.199Z,0,2026-09-19T22:22:46Z,[],data/urlquery-investigation-20260923/raw/8f9b4702-c140-4e98-a96e-9ea9a9484f98.json,/http/12,GET,supporting_resource,,False,[],False,0
8f9b4702-c140-4e98-a96e-9ea9a9484f98,http_request,2026-09-19T22:22:07.496Z,2026-09-19T22:22:07.501Z,5,2026-09-19T22:22:46Z,[],data/urlquery-investigation-20260923/raw/8f9b4702-c140-4e98-a96e-9ea9a9484f98.json,/http/40,GET,supporting_resource,200,False,[],False,850
8f9b4702-c140-4e98-a96e-9ea9a9484f98,http_request,2026-09-19T22:22:08.385Z,2026-09-19T22:22:08.419Z,34,2026-09-19T22:22:46Z,[],data/urlquery-investigation-20260923/raw/8f9b4702-c140-4e98-a96e-9ea9a9484f98.json,/http/13,POST,supporting_resource,200,False,[],False,127240
8f9b4702-c140-4e98-a96e-9ea9a9484f98,http_request,2026-09-19T22:22:12.729Z,2026-09-19T22:22:12.748Z,19,2026-09-19T22:22:46Z,[],data/urlquery-investigation-20260923/raw/8f9b4702-c140-4e98-a96e-9ea9a9484f98.json,/http/51,POST,supporting_resource,200,False,[],False,5048
8f9b4702-c140-4e98-a96e-9ea9a9484f98,http_request,2026-09-19T22:22:12.791Z,2026-09-19T22:22:12.802Z,11,2026-09-19T22:22:46Z,[],data/urlquery-investigation-20260923/raw/8f9b4702-c140-4e98-a96e-9ea9a9484f98.json,/http/38,POST,ramp_supporting_resource,200,False,[],False,3240
8f9b4702-c140-4e98-a96e-9ea9a9484f98,http_request,2026-09-19T22:22:14.823Z,2026-09-19T22:22:14.980Z,157,2026-09-19T22:22:46Z,[],data/urlquery-investigation-20260923/raw/8f9b4702-c140-4e98-a96e-9ea9a9484f98.json,/http/33,GET,/transaction/[sell-ref]/sell,200,True,"[""sell-ref""]",False,15028
8f9b4702-c140-4e98-a96e-9ea9a9484f98,http_request,2026-09-19T22:22:15.065Z,2026-09-19T22:22:15.088Z,23,2026-09-19T22:22:46Z,[],data/urlquery-investigation-20260923/raw/8f9b4702-c140-4e98-a96e-9ea9a9484f98.json,/http/17,GET,ramp_supporting_resource,200,False,[],False,78072
8f9b4702-c140-4e98-a96e-9ea9a9484f98,http_request,2026-09-19T22:22:15.070Z,2026-09-19T22:22:15.093Z,23,2026-09-19T22:22:46Z,[],data/urlquery-investigation-20260923/raw/8f9b4702-c140-4e98-a96e-9ea9a9484f98.json,/http/41,GET,ramp_supporting_resource,200,False,[],False,36641
8f9b4702-c140-4e98-a96e-9ea9a9484f98,http_request,2026-09-19T22:22:15.072Z,2026-09-19T22:22:15.094Z,22,2026-09-19T22:22:46Z,[],data/urlquery-investigation-20260923/raw/8f9b4702-c140-4e98-a96e-9ea9a9484f98.json,/http/52,GET,ramp_supporting_resource,200,False,[],False,3983
8f9b4702-c140-4e98-a96e-9ea9a9484f98,http_request,2026-09-19T22:22:15.073Z,2026-09-19T22:22:15.092Z,19,2026-09-19T22:22:46Z,[],data/urlquery-investigation-20260923/raw/8f9b4702-c140-4e98-a96e-9ea9a9484f98.json,/http/24,GET,ramp_supporting_resource,200,False,[],False,173467
8f9b4702-c140-4e98-a96e-9ea9a9484f98,http_request,2026-09-19T22:22:15.074Z,2026-09-19T22:22:15.098Z,24,2026-09-19T22:22:46Z,[],data/urlquery-investigation-20260923/raw/8f9b4702-c140-4e98-a96e-9ea9a9484f98.json,/http/34,GET,ramp_supporting_resource,200,False,[],False,174483
8f9b4702-c140-4e98-a96e-9ea9a9484f98,http_request,2026-09-19T22:22:15.075Z,2026-09-19T22:22:15.097Z,22,2026-09-19T22:22:46Z,[],data/urlquery-investigation-20260923/raw/8f9b4702-c140-4e98-a96e-9ea9a9484f98.json,/http/50,GET,ramp_supporting_resource,200,False,[],False,967
8f9b4702-c140-4e98-a96e-9ea9a9484f98,http_request,2026-09-19T22:22:15.077Z,2026-09-19T22:22:15.101Z,24,2026-09-19T22:22:46Z,[],data/urlquery-investigation-20260923/raw/8f9b4702-c140-4e98-a96e-9ea9a9484f98.json,/http/25,GET,ramp_supporting_resource,200,False,[],False,227578
8f9b4702-c140-4e98-a96e-9ea9a9484f98,http_request,2026-09-19T22:22:15.078Z,2026-09-19T22:22:15.100Z,22,2026-09-19T22:22:46Z,[],data/urlquery-investigation-20260923/raw/8f9b4702-c140-4e98-a96e-9ea9a9484f98.json,/http/14,GET,ramp_supporting_resource,200,False,[],False,48179
8f9b4702-c140-4e98-a96e-9ea9a9484f98,http_request,2026-09-19T22:22:15.079Z,2026-09-19T22:22:15.100Z,21,2026-09-19T22:22:46Z,[],data/urlquery-investigation-20260923/raw/8f9b4702-c140-4e98-a96e-9ea9a9484f98.json,/http/6,GET,ramp_supporting_resource,200,False,[],False,11765
8f9b4702-c140-4e98-a96e-9ea9a9484f98,http_request,2026-09-19T22:22:15.081Z,2026-09-19T22:22:15.107Z,26,2026-09-19T22:22:46Z,[],data/urlquery-investigation-20260923/raw/8f9b4702-c140-4e98-a96e-9ea9a9484f98.json,/http/2,GET,ramp_supporting_resource,200,False,[],False,105327
8f9b4702-c140-4e98-a96e-9ea9a9484f98,http_request,2026-09-19T22:22:15.082Z,2026-09-19T22:22:15.097Z,15,2026-09-19T22:22:46Z,[],data/urlquery-investigation-20260923/raw/8f9b4702-c140-4e98-a96e-9ea9a9484f98.json,/http/9,GET,ramp_supporting_resource,200,False,[],False,5944
8f9b4702-c140-4e98-a96e-9ea9a9484f98,http_request,2026-09-19T22:22:15.084Z,2026-09-19T22:22:15.106Z,22,2026-09-19T22:22:46Z,[],data/urlquery-investigation-20260923/raw/8f9b4702-c140-4e98-a96e-9ea9a9484f98.json,/http/46,GET,ramp_supporting_resource,200,False,[],False,26492
8f9b4702-c140-4e98-a96e-9ea9a9484f98,http_request,2026-09-19T22:22:15.086Z,2026-09-19T22:22:15.108Z,22,2026-09-19T22:22:46Z,[],data/urlquery-investigation-20260923/raw/8f9b4702-c140-4e98-a96e-9ea9a9484f98.json,/http/1,GET,ramp_supporting_resource,200,False,[],False,273687
8f9b4702-c140-4e98-a96e-9ea9a9484f98,http_request,2026-09-19T22:22:15.087Z,2026-09-19T22:22:15.109Z,22,2026-09-19T22:22:46Z,[],data/urlquery-investigation-20260923/raw/8f9b4702-c140-4e98-a96e-9ea9a9484f98.json,/http/20,GET,ramp_supporting_resource,200,False,[],False,12499
8f9b4702-c140-4e98-a96e-9ea9a9484f98,http_request,2026-09-19T22:22:15.088Z,2026-09-19T22:22:15.108Z,20,2026-09-19T22:22:46Z,[],data/urlquery-investigation-20260923/raw/8f9b4702-c140-4e98-a96e-9ea9a9484f98.json,/http/10,GET,ramp_supporting_resource,200,False,[],False,14506
8f9b4702-c140-4e98-a96e-9ea9a9484f98,http_request,2026-09-19T22:22:15.089Z,2026-09-19T22:22:15.109Z,20,2026-09-19T22:22:46Z,[],data/urlquery-investigation-20260923/raw/8f9b4702-c140-4e98-a96e-9ea9a9484f98.json,/http/35,GET,ramp_supporting_resource,200,False,[],False,129998
8f9b4702-c140-4e98-a96e-9ea9a9484f98,http_request,2026-09-19T22:22:15.090Z,2026-09-19T22:22:15.110Z,20,2026-09-19T22:22:46Z,[],data/urlquery-investigation-20260923/raw/8f9b4702-c140-4e98-a96e-9ea9a9484f98.json,/http/36,GET,ramp_supporting_resource,200,False,[],False,10387
8f9b4702-c140-4e98-a96e-9ea9a9484f98,http_request,2026-09-19T22:22:15.091Z,2026-09-19T22:22:15.110Z,19,2026-09-19T22:22:46Z,[],data/urlquery-investigation-20260923/raw/8f9b4702-c140-4e98-a96e-9ea9a9484f98.json,/http/55,GET,ramp_supporting_resource,200,False,[],False,3109
8f9b4702-c140-4e98-a96e-9ea9a9484f98,http_request,2026-09-19T22:22:15.092Z,2026-09-19T22:22:15.117Z,25,2026-09-19T22:22:46Z,[],data/urlquery-investigation-20260923/raw/8f9b4702-c140-4e98-a96e-9ea9a9484f98.json,/http/18,GET,ramp_supporting_resource,200,False,[],False,4814
8f9b4702-c140-4e98-a96e-9ea9a9484f98,http_request,2026-09-19T22:22:15.093Z,2026-09-19T22:22:15.118Z,25,2026-09-19T22:22:46Z,[],data/urlquery-investigation-20260923/raw/8f9b4702-c140-4e98-a96e-9ea9a9484f98.json,/http/22,GET,ramp_supporting_resource,200,False,[],False,14265
8f9b4702-c140-4e98-a96e-9ea9a9484f98,http_request,2026-09-19T22:22:15.095Z,2026-09-19T22:22:15.121Z,26,2026-09-19T22:22:46Z,[],data/urlquery-investigation-20260923/raw/8f9b4702-c140-4e98-a96e-9ea9a9484f98.json,/http/37,GET,ramp_supporting_resource,200,False,[],False,41291
8f9b4702-c140-4e98-a96e-9ea9a9484f98,http_request,2026-09-19T22:22:15.096Z,2026-09-19T22:22:15.116Z,20,2026-09-19T22:22:46Z,[],data/urlquery-investigation-20260923/raw/8f9b4702-c140-4e98-a96e-9ea9a9484f98.json,/http/53,GET,ramp_supporting_resource,200,False,[],False,874
8f9b4702-c140-4e98-a96e-9ea9a9484f98,http_request,2026-09-19T22:22:15.097Z,2026-09-19T22:22:15.119Z,22,2026-09-19T22:22:46Z,[],data/urlquery-investigation-20260923/raw/8f9b4702-c140-4e98-a96e-9ea9a9484f98.json,/http/42,GET,ramp_supporting_resource,200,False,[],False,3487
8f9b4702-c140-4e98-a96e-9ea9a9484f98,http_request,2026-09-19T22:22:15.161Z,2026-09-19T22:22:15.486Z,325,2026-09-19T22:22:46Z,[],data/urlquery-investigation-20260923/raw/8f9b4702-c140-4e98-a96e-9ea9a9484f98.json,/http/44,GET,ramp_supporting_resource,200,False,[],False,1444
8f9b4702-c140-4e98-a96e-9ea9a9484f98,http_request,2026-09-19T22:22:15.177Z,2026-09-19T22:22:15.195Z,18,2026-09-19T22:22:46Z,[],data/urlquery-investigation-20260923/raw/8f9b4702-c140-4e98-a96e-9ea9a9484f98.json,/http/4,GET,ramp_supporting_resource,200,False,[],False,78072
8f9b4702-c140-4e98-a96e-9ea9a9484f98,http_request,2026-09-19T22:22:15.242Z,2026-09-19T22:22:15.615Z,373,2026-09-19T22:22:46Z,[],data/urlquery-investigation-20260923/raw/8f9b4702-c140-4e98-a96e-9ea9a9484f98.json,/http/23,GET,/api/ramp-proxy/off_ramp_transactions/transaction/[sell-ref]/,308,False,"[""sell-ref""]",False,0
8f9b4702-c140-4e98-a96e-9ea9a9484f98,http_request,2026-09-19T22:22:15.247Z,2026-09-19T22:22:15.445Z,198,2026-09-19T22:22:46Z,[],data/urlquery-investigation-20260923/raw/8f9b4702-c140-4e98-a96e-9ea9a9484f98.json,/http/0,GET,supporting_resource,200,False,[],False,17484
8f9b4702-c140-4e98-a96e-9ea9a9484f98,http_request,2026-09-19T22:22:15.252Z,2026-09-19T22:22:15.274Z,22,2026-09-19T22:22:46Z,[],data/urlquery-investigation-20260923/raw/8f9b4702-c140-4e98-a96e-9ea9a9484f98.json,/http/26,GET,supporting_resource,200,False,[],False,809
8f9b4702-c140-4e98-a96e-9ea9a9484f98,http_request,2026-09-19T22:22:15.312Z,2026-09-19T22:22:15.430Z,118,2026-09-19T22:22:46Z,[],data/urlquery-investigation-20260923/raw/8f9b4702-c140-4e98-a96e-9ea9a9484f98.json,/http/48,POST,supporting_resource,200,False,[],False,15
8f9b4702-c140-4e98-a96e-9ea9a9484f98,http_request,2026-09-19T22:22:15.315Z,2026-09-19T22:22:15.702Z,387,2026-09-19T22:22:46Z,[],data/urlquery-investigation-20260923/raw/8f9b4702-c140-4e98-a96e-9ea9a9484f98.json,/http/29,GET,ramp_supporting_resource,200,False,[],False,272
8f9b4702-c140-4e98-a96e-9ea9a9484f98,http_request,2026-09-19T22:22:15.319Z,2026-09-19T22:22:15.343Z,24,2026-09-19T22:22:46Z,[],data/urlquery-investigation-20260923/raw/8f9b4702-c140-4e98-a96e-9ea9a9484f98.json,/http/30,GET,supporting_resource,200,False,[],False,104632
8f9b4702-c140-4e98-a96e-9ea9a9484f98,http_request,2026-09-19T22:22:15.320Z,2026-09-19T22:22:15.339Z,19,2026-09-19T22:22:46Z,[],data/urlquery-investigation-20260923/raw/8f9b4702-c140-4e98-a96e-9ea9a9484f98.json,/http/3,GET,supporting_resource,200,False,[],False,22947
8f9b4702-c140-4e98-a96e-9ea9a9484f98,http_request,2026-09-19T22:22:15.322Z,2026-09-19T22:22:15.340Z,18,2026-09-19T22:22:46Z,[],data/urlquery-investigation-20260923/raw/8f9b4702-c140-4e98-a96e-9ea9a9484f98.json,/http/7,GET,supporting_resource,200,False,[],False,11042
8f9b4702-c140-4e98-a96e-9ea9a9484f98,http_request,2026-09-19T22:22:15.324Z,2026-09-19T22:22:15.418Z,94,2026-09-19T22:22:46Z,[],data/urlquery-investigation-20260923/raw/8f9b4702-c140-4e98-a96e-9ea9a9484f98.json,/http/31,POST,supporting_resource,200,False,[],False,1002
8f9b4702-c140-4e98-a96e-9ea9a9484f98,http_request,2026-09-19T22:22:15.623Z,2026-09-19T22:22:15.800Z,177,2026-09-19T22:22:46Z,[],data/urlquery-investigation-20260923/raw/8f9b4702-c140-4e98-a96e-9ea9a9484f98.json,/http/15,GET,/api/ramp-proxy/off_ramp_transactions/transaction/[sell-ref],403,False,"[""sell-ref""]",False,69
8f9b4702-c140-4e98-a96e-9ea9a9484f98,http_request,2026-09-19T22:22:15.804Z,2026-09-19T22:22:16.146Z,342,2026-09-19T22:22:46Z,[],data/urlquery-investigation-20260923/raw/8f9b4702-c140-4e98-a96e-9ea9a9484f98.json,/http/19,GET,ramp_supporting_resource,200,False,[],False,4158
8f9b4702-c140-4e98-a96e-9ea9a9484f98,http_request,2026-09-19T22:22:16.807Z,2026-09-19T22:22:16.945Z,138,2026-09-19T22:22:46Z,[],data/urlquery-investigation-20260923/raw/8f9b4702-c140-4e98-a96e-9ea9a9484f98.json,/http/27,GET,/api/ramp-proxy/off_ramp_transactions/transaction/[sell-ref]/,308,False,"[""sell-ref""]",False,0
8f9b4702-c140-4e98-a96e-9ea9a9484f98,http_request,2026-09-19T22:22:16.950Z,2026-09-19T22:22:17.118Z,168,2026-09-19T22:22:46Z,[],data/urlquery-investigation-20260923/raw/8f9b4702-c140-4e98-a96e-9ea9a9484f98.json,/http/16,GET,/api/ramp-proxy/off_ramp_transactions/transaction/[sell-ref],403,False,"[""sell-ref""]",False,69
8f9b4702-c140-4e98-a96e-9ea9a9484f98,http_request,2026-09-19T22:22:18.253Z,2026-09-19T22:22:18.306Z,53,2026-09-19T22:22:46Z,[],data/urlquery-investigation-20260923/raw/8f9b4702-c140-4e98-a96e-9ea9a9484f98.json,/http/45,POST,supporting_resource,200,False,[],False,15
8f9b4702-c140-4e98-a96e-9ea9a9484f98,http_request,2026-09-19T22:22:18.255Z,2026-09-19T22:22:18.308Z,53,2026-09-19T22:22:46Z,[],data/urlquery-investigation-20260923/raw/8f9b4702-c140-4e98-a96e-9ea9a9484f98.json,/http/28,POST,supporting_resource,200,False,[],False,15
8f9b4702-c140-4e98-a96e-9ea9a9484f98,http_request,2026-09-19T22:22:23.358Z,2026-09-19T22:22:23.410Z,52,2026-09-19T22:22:46Z,[],data/urlquery-investigation-20260923/raw/8f9b4702-c140-4e98-a96e-9ea9a9484f98.json,/http/21,POST,supporting_resource,200,False,[],False,15
8f9b4702-c140-4e98-a96e-9ea9a9484f98,report_date,2026-09-19T22:22:46Z,,,2026-09-19T22:22:46Z,[],data/urlquery-investigation-20260923/raw/8f9b4702-c140-4e98-a96e-9ea9a9484f98.json,/date,,,,,,,
1567e2e1-3830-4eef-86f9-6998e32a8c29,http_request,2026-09-19T22:24:11.524Z,2026-09-19T22:24:11.562Z,38,2026-09-19T22:24:46Z,[],data/urlquery-investigation-20260923/raw/1567e2e1-3830-4eef-86f9-6998e32a8c29.json,/http/42,GET,/transaction/[sell-ref]/sell,403,True,"[""sell-ref""]",False,6282
1567e2e1-3830-4eef-86f9-6998e32a8c29,http_request,2026-09-19T22:24:11.801Z,2026-09-19T22:24:11.825Z,24,2026-09-19T22:24:46Z,[],data/urlquery-investigation-20260923/raw/1567e2e1-3830-4eef-86f9-6998e32a8c29.json,/http/4,GET,ramp_supporting_resource,200,False,[],False,240280
1567e2e1-3830-4eef-86f9-6998e32a8c29,http_request,2026-09-19T22:24:11.834Z,2026-09-19T22:24:11.848Z,14,2026-09-19T22:24:46Z,[],data/urlquery-investigation-20260923/raw/1567e2e1-3830-4eef-86f9-6998e32a8c29.json,/http/35,GET,ramp_supporting_resource,403,False,[],False,5929
1567e2e1-3830-4eef-86f9-6998e32a8c29,http_request,2026-09-19T22:24:12.118Z,2026-09-19T22:24:12.146Z,28,2026-09-19T22:24:46Z,[],data/urlquery-investigation-20260923/raw/1567e2e1-3830-4eef-86f9-6998e32a8c29.json,/http/30,GET,supporting_resource,200,False,[],False,86603
1567e2e1-3830-4eef-86f9-6998e32a8c29,http_request,2026-09-19T22:24:12.140Z,2026-09-19T22:24:12.168Z,28,2026-09-19T22:24:46Z,[],data/urlquery-investigation-20260923/raw/1567e2e1-3830-4eef-86f9-6998e32a8c29.json,/http/25,POST,ramp_supporting_resource,200,False,[],False,113768
1567e2e1-3830-4eef-86f9-6998e32a8c29,http_request,2026-09-19T22:24:12.143Z,2026-09-19T22:24:12.186Z,43,2026-09-19T22:24:46Z,[],data/urlquery-investigation-20260923/raw/1567e2e1-3830-4eef-86f9-6998e32a8c29.json,/http/36,GET,ramp_supporting_resource,403,False,[],False,5929
1567e2e1-3830-4eef-86f9-6998e32a8c29,http_request,2026-09-19T22:24:12.221Z,2026-09-19T22:24:12.246Z,25,2026-09-19T22:24:46Z,[],data/urlquery-investigation-20260923/raw/1567e2e1-3830-4eef-86f9-6998e32a8c29.json,/http/21,GET,supporting_resource,200,False,[],False,254842
1567e2e1-3830-4eef-86f9-6998e32a8c29,http_request,2026-09-19T22:24:12.598Z,2026-09-19T22:24:12.934Z,336,2026-09-19T22:24:46Z,[],data/urlquery-investigation-20260923/raw/1567e2e1-3830-4eef-86f9-6998e32a8c29.json,/http/43,POST,supporting_resource,200,False,[],False,845912
1567e2e1-3830-4eef-86f9-6998e32a8c29,http_request,2026-09-19T22:24:13.208Z,2026-09-19T22:24:13.208Z,0,2026-09-19T22:24:46Z,[],data/urlquery-investigation-20260923/raw/1567e2e1-3830-4eef-86f9-6998e32a8c29.json,/http/44,GET,supporting_resource,,False,[],False,0
1567e2e1-3830-4eef-86f9-6998e32a8c29,http_request,2026-09-19T22:24:14.183Z,2026-09-19T22:24:14.191Z,8,2026-09-19T22:24:46Z,[],data/urlquery-investigation-20260923/raw/1567e2e1-3830-4eef-86f9-6998e32a8c29.json,/http/31,GET,supporting_resource,200,False,[],False,2450
1567e2e1-3830-4eef-86f9-6998e32a8c29,http_request,2026-09-19T22:24:14.435Z,2026-09-19T22:24:14.479Z,44,2026-09-19T22:24:46Z,[],data/urlquery-investigation-20260923/raw/1567e2e1-3830-4eef-86f9-6998e32a8c29.json,/http/0,POST,supporting_resource,200,False,[],False,127240
1567e2e1-3830-4eef-86f9-6998e32a8c29,http_request,2026-09-19T22:24:18.390Z,2026-09-19T22:24:18.415Z,25,2026-09-19T22:24:46Z,[],data/urlquery-investigation-20260923/raw/1567e2e1-3830-4eef-86f9-6998e32a8c29.json,/http/26,POST,supporting_resource,200,False,[],False,5120
1567e2e1-3830-4eef-86f9-6998e32a8c29,http_request,2026-09-19T22:24:18.457Z,2026-09-19T22:24:18.499Z,42,2026-09-19T22:24:46Z,[],data/urlquery-investigation-20260923/raw/1567e2e1-3830-4eef-86f9-6998e32a8c29.json,/http/5,POST,ramp_supporting_resource,200,False,[],False,3240
1567e2e1-3830-4eef-86f9-6998e32a8c29,http_request,2026-09-19T22:24:20.521Z,2026-09-19T22:24:20.928Z,407,2026-09-19T22:24:46Z,[],data/urlquery-investigation-20260923/raw/1567e2e1-3830-4eef-86f9-6998e32a8c29.json,/http/9,GET,/transaction/[sell-ref]/sell,200,True,"[""sell-ref""]",False,15201
1567e2e1-3830-4eef-86f9-6998e32a8c29,http_request,2026-09-19T22:24:21.040Z,2026-09-19T22:24:21.068Z,28,2026-09-19T22:24:46Z,[],data/urlquery-investigation-20260923/raw/1567e2e1-3830-4eef-86f9-6998e32a8c29.json,/http/10,GET,ramp_supporting_resource,200,False,[],False,78072
1567e2e1-3830-4eef-86f9-6998e32a8c29,http_request,2026-09-19T22:24:21.046Z,2026-09-19T22:24:21.095Z,49,2026-09-19T22:24:46Z,[],data/urlquery-investigation-20260923/raw/1567e2e1-3830-4eef-86f9-6998e32a8c29.json,/http/32,GET,ramp_supporting_resource,200,False,[],False,36641
1567e2e1-3830-4eef-86f9-6998e32a8c29,http_request,2026-09-19T22:24:21.049Z,2026-09-19T22:24:21.070Z,21,2026-09-19T22:24:46Z,[],data/urlquery-investigation-20260923/raw/1567e2e1-3830-4eef-86f9-6998e32a8c29.json,/http/37,GET,ramp_supporting_resource,200,False,[],False,3983
1567e2e1-3830-4eef-86f9-6998e32a8c29,http_request,2026-09-19T22:24:21.051Z,2026-09-19T22:24:21.074Z,23,2026-09-19T22:24:46Z,[],data/urlquery-investigation-20260923/raw/1567e2e1-3830-4eef-86f9-6998e32a8c29.json,/http/38,GET,ramp_supporting_resource,200,False,[],False,173467
1567e2e1-3830-4eef-86f9-6998e32a8c29,http_request,2026-09-19T22:24:21.052Z,2026-09-19T22:24:21.072Z,20,2026-09-19T22:24:46Z,[],data/urlquery-investigation-20260923/raw/1567e2e1-3830-4eef-86f9-6998e32a8c29.json,/http/39,GET,ramp_supporting_resource,200,False,[],False,174483
1567e2e1-3830-4eef-86f9-6998e32a8c29,http_request,2026-09-19T22:24:21.054Z,2026-09-19T22:24:21.076Z,22,2026-09-19T22:24:46Z,[],data/urlquery-investigation-20260923/raw/1567e2e1-3830-4eef-86f9-6998e32a8c29.json,/http/45,GET,ramp_supporting_resource,200,False,[],False,967
1567e2e1-3830-4eef-86f9-6998e32a8c29,http_request,2026-09-19T22:24:21.056Z,2026-09-19T22:24:21.109Z,53,2026-09-19T22:24:46Z,[],data/urlquery-investigation-20260923/raw/1567e2e1-3830-4eef-86f9-6998e32a8c29.json,/http/47,GET,ramp_supporting_resource,200,False,[],False,227578
1567e2e1-3830-4eef-86f9-6998e32a8c29,http_request,2026-09-19T22:24:21.057Z,2026-09-19T22:24:21.078Z,21,2026-09-19T22:24:46Z,[],data/urlquery-investigation-20260923/raw/1567e2e1-3830-4eef-86f9-6998e32a8c29.json,/http/11,GET,ramp_supporting_resource,200,False,[],False,48179
1567e2e1-3830-4eef-86f9-6998e32a8c29,http_request,2026-09-19T22:24:21.059Z,2026-09-19T22:24:21.086Z,27,2026-09-19T22:24:46Z,[],data/urlquery-investigation-20260923/raw/1567e2e1-3830-4eef-86f9-6998e32a8c29.json,/http/27,GET,ramp_supporting_resource,200,False,[],False,11765
1567e2e1-3830-4eef-86f9-6998e32a8c29,http_request,2026-09-19T22:24:21.061Z,2026-09-19T22:24:21.088Z,27,2026-09-19T22:24:46Z,[],data/urlquery-investigation-20260923/raw/1567e2e1-3830-4eef-86f9-6998e32a8c29.json,/http/41,GET,ramp_supporting_resource,200,False,[],False,105327
1567e2e1-3830-4eef-86f9-6998e32a8c29,http_request,2026-09-19T22:24:21.063Z,2026-09-19T22:24:21.086Z,23,2026-09-19T22:24:46Z,[],data/urlquery-investigation-20260923/raw/1567e2e1-3830-4eef-86f9-6998e32a8c29.json,/http/48,GET,ramp_supporting_resource,200,False,[],False,5944
1567e2e1-3830-4eef-86f9-6998e32a8c29,http_request,2026-09-19T22:24:21.066Z,2026-09-19T22:24:21.090Z,24,2026-09-19T22:24:46Z,[],data/urlquery-investigation-20260923/raw/1567e2e1-3830-4eef-86f9-6998e32a8c29.json,/http/29,GET,ramp_supporting_resource,200,False,[],False,26492
1567e2e1-3830-4eef-86f9-6998e32a8c29,http_request,2026-09-19T22:24:21.068Z,2026-09-19T22:24:21.090Z,22,2026-09-19T22:24:46Z,[],data/urlquery-investigation-20260923/raw/1567e2e1-3830-4eef-86f9-6998e32a8c29.json,/http/22,GET,ramp_supporting_resource,200,False,[],False,273687
1567e2e1-3830-4eef-86f9-6998e32a8c29,http_request,2026-09-19T22:24:21.070Z,2026-09-19T22:24:21.092Z,22,2026-09-19T22:24:46Z,[],data/urlquery-investigation-20260923/raw/1567e2e1-3830-4eef-86f9-6998e32a8c29.json,/http/49,GET,ramp_supporting_resource,200,False,[],False,12499
1567e2e1-3830-4eef-86f9-6998e32a8c29,http_request,2026-09-19T22:24:21.071Z,2026-09-19T22:24:21.128Z,57,2026-09-19T22:24:46Z,[],data/urlquery-investigation-20260923/raw/1567e2e1-3830-4eef-86f9-6998e32a8c29.json,/http/15,GET,ramp_supporting_resource,200,False,[],False,14506
1567e2e1-3830-4eef-86f9-6998e32a8c29,http_request,2026-09-19T22:24:21.073Z,2026-09-19T22:24:21.120Z,47,2026-09-19T22:24:46Z,[],data/urlquery-investigation-20260923/raw/1567e2e1-3830-4eef-86f9-6998e32a8c29.json,/http/18,GET,ramp_supporting_resource,200,False,[],False,129998
1567e2e1-3830-4eef-86f9-6998e32a8c29,http_request,2026-09-19T22:24:21.075Z,2026-09-19T22:24:21.127Z,52,2026-09-19T22:24:46Z,[],data/urlquery-investigation-20260923/raw/1567e2e1-3830-4eef-86f9-6998e32a8c29.json,/http/1,GET,ramp_supporting_resource,200,False,[],False,10387
1567e2e1-3830-4eef-86f9-6998e32a8c29,http_request,2026-09-19T22:24:21.076Z,2026-09-19T22:24:21.115Z,39,2026-09-19T22:24:46Z,[],data/urlquery-investigation-20260923/raw/1567e2e1-3830-4eef-86f9-6998e32a8c29.json,/http/2,GET,ramp_supporting_resource,200,False,[],False,3109
1567e2e1-3830-4eef-86f9-6998e32a8c29,http_request,2026-09-19T22:24:21.078Z,2026-09-19T22:24:21.100Z,22,2026-09-19T22:24:46Z,[],data/urlquery-investigation-20260923/raw/1567e2e1-3830-4eef-86f9-6998e32a8c29.json,/http/12,GET,ramp_supporting_resource,200,False,[],False,4814
1567e2e1-3830-4eef-86f9-6998e32a8c29,http_request,2026-09-19T22:24:21.080Z,2026-09-19T22:24:21.102Z,22,2026-09-19T22:24:46Z,[],data/urlquery-investigation-20260923/raw/1567e2e1-3830-4eef-86f9-6998e32a8c29.json,/http/50,GET,ramp_supporting_resource,200,False,[],False,14265
1567e2e1-3830-4eef-86f9-6998e32a8c29,http_request,2026-09-19T22:24:21.081Z,2026-09-19T22:24:21.097Z,16,2026-09-19T22:24:46Z,[],data/urlquery-investigation-20260923/raw/1567e2e1-3830-4eef-86f9-6998e32a8c29.json,/http/33,GET,ramp_supporting_resource,200,False,[],False,41291
1567e2e1-3830-4eef-86f9-6998e32a8c29,http_request,2026-09-19T22:24:21.083Z,2026-09-19T22:24:21.101Z,18,2026-09-19T22:24:46Z,[],data/urlquery-investigation-20260923/raw/1567e2e1-3830-4eef-86f9-6998e32a8c29.json,/http/19,GET,ramp_supporting_resource,200,False,[],False,874
1567e2e1-3830-4eef-86f9-6998e32a8c29,http_request,2026-09-19T22:24:21.084Z,2026-09-19T22:24:21.104Z,20,2026-09-19T22:24:46Z,[],data/urlquery-investigation-20260923/raw/1567e2e1-3830-4eef-86f9-6998e32a8c29.json,/http/34,GET,ramp_supporting_resource,200,False,[],False,3487
1567e2e1-3830-4eef-86f9-6998e32a8c29,http_request,2026-09-19T22:24:21.179Z,2026-09-19T22:24:21.516Z,337,2026-09-19T22:24:46Z,[],data/urlquery-investigation-20260923/raw/1567e2e1-3830-4eef-86f9-6998e32a8c29.json,/http/40,GET,ramp_supporting_resource,200,False,[],False,1444
1567e2e1-3830-4eef-86f9-6998e32a8c29,http_request,2026-09-19T22:24:21.210Z,2026-09-19T22:24:21.259Z,49,2026-09-19T22:24:46Z,[],data/urlquery-investigation-20260923/raw/1567e2e1-3830-4eef-86f9-6998e32a8c29.json,/http/16,GET,ramp_supporting_resource,200,False,[],False,78072
1567e2e1-3830-4eef-86f9-6998e32a8c29,http_request,2026-09-19T22:24:21.342Z,2026-09-19T22:24:21.483Z,141,2026-09-19T22:24:46Z,[],data/urlquery-investigation-20260923/raw/1567e2e1-3830-4eef-86f9-6998e32a8c29.json,/http/17,GET,/api/ramp-proxy/off_ramp_transactions/transaction/[sell-ref]/,308,False,"[""sell-ref""]",False,0
1567e2e1-3830-4eef-86f9-6998e32a8c29,http_request,2026-09-19T22:24:21.346Z,2026-09-19T22:24:21.382Z,36,2026-09-19T22:24:46Z,[],data/urlquery-investigation-20260923/raw/1567e2e1-3830-4eef-86f9-6998e32a8c29.json,/http/51,GET,supporting_resource,200,False,[],False,17484
1567e2e1-3830-4eef-86f9-6998e32a8c29,http_request,2026-09-19T22:24:21.348Z,2026-09-19T22:24:21.621Z,273,2026-09-19T22:24:46Z,[],data/urlquery-investigation-20260923/raw/1567e2e1-3830-4eef-86f9-6998e32a8c29.json,/http/7,GET,supporting_resource,200,False,[],False,809
1567e2e1-3830-4eef-86f9-6998e32a8c29,http_request,2026-09-19T22:24:21.413Z,2026-09-19T22:24:21.536Z,123,2026-09-19T22:24:46Z,[],data/urlquery-investigation-20260923/raw/1567e2e1-3830-4eef-86f9-6998e32a8c29.json,/http/28,POST,supporting_resource,200,False,[],False,15
1567e2e1-3830-4eef-86f9-6998e32a8c29,http_request,2026-09-19T22:24:21.416Z,2026-09-19T22:24:21.794Z,378,2026-09-19T22:24:46Z,[],data/urlquery-investigation-20260923/raw/1567e2e1-3830-4eef-86f9-6998e32a8c29.json,/http/54,GET,ramp_supporting_resource,200,False,[],False,272
1567e2e1-3830-4eef-86f9-6998e32a8c29,http_request,2026-09-19T22:24:21.489Z,2026-09-19T22:24:21.657Z,168,2026-09-19T22:24:46Z,[],data/urlquery-investigation-20260923/raw/1567e2e1-3830-4eef-86f9-6998e32a8c29.json,/http/53,GET,/api/ramp-proxy/off_ramp_transactions/transaction/[sell-ref],403,False,"[""sell-ref""]",False,69
1567e2e1-3830-4eef-86f9-6998e32a8c29,http_request,2026-09-19T22:24:21.629Z,2026-09-19T22:24:21.829Z,200,2026-09-19T22:24:46Z,[],data/urlquery-investigation-20260923/raw/1567e2e1-3830-4eef-86f9-6998e32a8c29.json,/http/23,GET,supporting_resource,200,False,[],False,104632
1567e2e1-3830-4eef-86f9-6998e32a8c29,http_request,2026-09-19T22:24:21.632Z,2026-09-19T22:24:21.685Z,53,2026-09-19T22:24:46Z,[],data/urlquery-investigation-20260923/raw/1567e2e1-3830-4eef-86f9-6998e32a8c29.json,/http/8,GET,supporting_resource,200,False,[],False,22947
1567e2e1-3830-4eef-86f9-6998e32a8c29,http_request,2026-09-19T22:24:21.633Z,2026-09-19T22:24:21.683Z,50,2026-09-19T22:24:46Z,[],data/urlquery-investigation-20260923/raw/1567e2e1-3830-4eef-86f9-6998e32a8c29.json,/http/20,GET,supporting_resource,200,False,[],False,11042
1567e2e1-3830-4eef-86f9-6998e32a8c29,http_request,2026-09-19T22:24:21.640Z,2026-09-19T22:24:21.666Z,26,2026-09-19T22:24:46Z,[],data/urlquery-investigation-20260923/raw/1567e2e1-3830-4eef-86f9-6998e32a8c29.json,/http/3,POST,supporting_resource,200,False,[],False,1010
1567e2e1-3830-4eef-86f9-6998e32a8c29,http_request,2026-09-19T22:24:21.836Z,2026-09-19T22:24:22.187Z,351,2026-09-19T22:24:46Z,[],data/urlquery-investigation-20260923/raw/1567e2e1-3830-4eef-86f9-6998e32a8c29.json,/http/13,GET,ramp_supporting_resource,200,False,[],False,4158
1567e2e1-3830-4eef-86f9-6998e32a8c29,http_request,2026-09-19T22:24:22.665Z,2026-09-19T22:24:22.820Z,155,2026-09-19T22:24:46Z,[],data/urlquery-investigation-20260923/raw/1567e2e1-3830-4eef-86f9-6998e32a8c29.json,/http/46,GET,/api/ramp-proxy/off_ramp_transactions/transaction/[sell-ref]/,308,False,"[""sell-ref""]",False,0
1567e2e1-3830-4eef-86f9-6998e32a8c29,http_request,2026-09-19T22:24:22.827Z,2026-09-19T22:24:23.000Z,173,2026-09-19T22:24:46Z,[],data/urlquery-investigation-20260923/raw/1567e2e1-3830-4eef-86f9-6998e32a8c29.json,/http/14,GET,/api/ramp-proxy/off_ramp_transactions/transaction/[sell-ref],403,False,"[""sell-ref""]",False,69
1567e2e1-3830-4eef-86f9-6998e32a8c29,http_request,2026-09-19T22:24:24.353Z,2026-09-19T22:24:24.400Z,47,2026-09-19T22:24:46Z,[],data/urlquery-investigation-20260923/raw/1567e2e1-3830-4eef-86f9-6998e32a8c29.json,/http/24,POST,supporting_resource,200,False,[],False,15
1567e2e1-3830-4eef-86f9-6998e32a8c29,http_request,2026-09-19T22:24:24.354Z,2026-09-19T22:24:24.401Z,47,2026-09-19T22:24:46Z,[],data/urlquery-investigation-20260923/raw/1567e2e1-3830-4eef-86f9-6998e32a8c29.json,/http/6,POST,supporting_resource,200,False,[],False,15
1567e2e1-3830-4eef-86f9-6998e32a8c29,http_request,2026-09-19T22:24:29.699Z,2026-09-19T22:24:29.746Z,47,2026-09-19T22:24:46Z,[],data/urlquery-investigation-20260923/raw/1567e2e1-3830-4eef-86f9-6998e32a8c29.json,/http/52,POST,supporting_resource,200,False,[],False,15
1567e2e1-3830-4eef-86f9-6998e32a8c29,report_date,2026-09-19T22:24:46Z,,,2026-09-19T22:24:46Z,[],data/urlquery-investigation-20260923/raw/1567e2e1-3830-4eef-86f9-6998e32a8c29.json,/date,,,,,,,
31523fa7-6eb4-4432-b2d6-506066f4a2f8,http_request,2026-09-19T23:32:07.373Z,2026-09-19T23:32:07.425Z,52,2026-09-19T23:32:43Z,"[""e792""]",data/urlquery-investigation-20260923/raw/31523fa7-6eb4-4432-b2d6-506066f4a2f8.json,/http/44,GET,/transaction/e792fakeid/sell/status,403,True,[],False,6008
31523fa7-6eb4-4432-b2d6-506066f4a2f8,http_request,2026-09-19T23:32:07.732Z,2026-09-19T23:32:07.748Z,16,2026-09-19T23:32:43Z,"[""e792""]",data/urlquery-investigation-20260923/raw/31523fa7-6eb4-4432-b2d6-506066f4a2f8.json,/http/45,GET,ramp_supporting_resource,200,False,[],False,234064
31523fa7-6eb4-4432-b2d6-506066f4a2f8,http_request,2026-09-19T23:32:07.762Z,2026-09-19T23:32:07.775Z,13,2026-09-19T23:32:43Z,"[""e792""]",data/urlquery-investigation-20260923/raw/31523fa7-6eb4-4432-b2d6-506066f4a2f8.json,/http/16,GET,ramp_supporting_resource,403,False,[],False,5843
31523fa7-6eb4-4432-b2d6-506066f4a2f8,http_request,2026-09-19T23:32:08.177Z,2026-09-19T23:32:08.197Z,20,2026-09-19T23:32:43Z,"[""e792""]",data/urlquery-investigation-20260923/raw/31523fa7-6eb4-4432-b2d6-506066f4a2f8.json,/http/9,GET,supporting_resource,200,False,[],False,86603
31523fa7-6eb4-4432-b2d6-506066f4a2f8,http_request,2026-09-19T23:32:08.195Z,2026-09-19T23:32:08.214Z,19,2026-09-19T23:32:43Z,"[""e792""]",data/urlquery-investigation-20260923/raw/31523fa7-6eb4-4432-b2d6-506066f4a2f8.json,/http/39,POST,ramp_supporting_resource,200,False,[],False,113768
31523fa7-6eb4-4432-b2d6-506066f4a2f8,http_request,2026-09-19T23:32:08.208Z,2026-09-19T23:32:08.215Z,7,2026-09-19T23:32:43Z,"[""e792""]",data/urlquery-investigation-20260923/raw/31523fa7-6eb4-4432-b2d6-506066f4a2f8.json,/http/22,GET,ramp_supporting_resource,403,False,[],False,5843
31523fa7-6eb4-4432-b2d6-506066f4a2f8,http_request,2026-09-19T23:32:08.306Z,2026-09-19T23:32:08.322Z,16,2026-09-19T23:32:43Z,"[""e792""]",data/urlquery-investigation-20260923/raw/31523fa7-6eb4-4432-b2d6-506066f4a2f8.json,/http/4,GET,supporting_resource,200,False,[],False,251408
31523fa7-6eb4-4432-b2d6-506066f4a2f8,http_request,2026-09-19T23:32:08.830Z,2026-09-19T23:32:09.010Z,180,2026-09-19T23:32:43Z,"[""e792""]",data/urlquery-investigation-20260923/raw/31523fa7-6eb4-4432-b2d6-506066f4a2f8.json,/http/5,POST,supporting_resource,200,False,[],False,846184
31523fa7-6eb4-4432-b2d6-506066f4a2f8,http_request,2026-09-19T23:32:10.444Z,2026-09-19T23:32:10.449Z,5,2026-09-19T23:32:43Z,"[""e792""]",data/urlquery-investigation-20260923/raw/31523fa7-6eb4-4432-b2d6-506066f4a2f8.json,/http/17,GET,supporting_resource,200,False,[],False,7626
31523fa7-6eb4-4432-b2d6-506066f4a2f8,http_request,2026-09-19T23:32:10.642Z,2026-09-19T23:32:10.671Z,29,2026-09-19T23:32:43Z,"[""e792""]",data/urlquery-investigation-20260923/raw/31523fa7-6eb4-4432-b2d6-506066f4a2f8.json,/http/46,POST,supporting_resource,200,False,[],False,127240
31523fa7-6eb4-4432-b2d6-506066f4a2f8,http_request,2026-09-19T23:32:14.738Z,2026-09-19T23:32:14.757Z,19,2026-09-19T23:32:43Z,"[""e792""]",data/urlquery-investigation-20260923/raw/31523fa7-6eb4-4432-b2d6-506066f4a2f8.json,/http/6,POST,supporting_resource,200,False,[],False,5120
31523fa7-6eb4-4432-b2d6-506066f4a2f8,http_request,2026-09-19T23:32:14.816Z,2026-09-19T23:32:14.829Z,13,2026-09-19T23:32:43Z,"[""e792""]",data/urlquery-investigation-20260923/raw/31523fa7-6eb4-4432-b2d6-506066f4a2f8.json,/http/18,POST,ramp_supporting_resource,200,False,[],False,3240
31523fa7-6eb4-4432-b2d6-506066f4a2f8,http_request,2026-09-19T23:32:16.855Z,2026-09-19T23:32:17.225Z,370,2026-09-19T23:32:43Z,"[""e792""]",data/urlquery-investigation-20260923/raw/31523fa7-6eb4-4432-b2d6-506066f4a2f8.json,/http/28,GET,/transaction/e792fakeid/sell/status,200,True,[],False,15573
31523fa7-6eb4-4432-b2d6-506066f4a2f8,http_request,2026-09-19T23:32:17.325Z,2026-09-19T23:32:17.343Z,18,2026-09-19T23:32:43Z,"[""e792""]",data/urlquery-investigation-20260923/raw/31523fa7-6eb4-4432-b2d6-506066f4a2f8.json,/http/29,GET,ramp_supporting_resource,200,False,[],False,78072
31523fa7-6eb4-4432-b2d6-506066f4a2f8,http_request,2026-09-19T23:32:17.327Z,2026-09-19T23:32:17.344Z,17,2026-09-19T23:32:43Z,"[""e792""]",data/urlquery-investigation-20260923/raw/31523fa7-6eb4-4432-b2d6-506066f4a2f8.json,/http/10,GET,ramp_supporting_resource,200,False,[],False,36641
31523fa7-6eb4-4432-b2d6-506066f4a2f8,http_request,2026-09-19T23:32:17.329Z,2026-09-19T23:32:17.348Z,19,2026-09-19T23:32:43Z,"[""e792""]",data/urlquery-investigation-20260923/raw/31523fa7-6eb4-4432-b2d6-506066f4a2f8.json,/http/23,GET,ramp_supporting_resource,200,False,[],False,3983
31523fa7-6eb4-4432-b2d6-506066f4a2f8,http_request,2026-09-19T23:32:17.333Z,2026-09-19T23:32:17.353Z,20,2026-09-19T23:32:43Z,"[""e792""]",data/urlquery-investigation-20260923/raw/31523fa7-6eb4-4432-b2d6-506066f4a2f8.json,/http/11,GET,ramp_supporting_resource,200,False,[],False,173467
31523fa7-6eb4-4432-b2d6-506066f4a2f8,http_request,2026-09-19T23:32:17.335Z,2026-09-19T23:32:17.352Z,17,2026-09-19T23:32:43Z,"[""e792""]",data/urlquery-investigation-20260923/raw/31523fa7-6eb4-4432-b2d6-506066f4a2f8.json,/http/7,GET,ramp_supporting_resource,200,False,[],False,174483
31523fa7-6eb4-4432-b2d6-506066f4a2f8,http_request,2026-09-19T23:32:17.338Z,2026-09-19T23:32:17.367Z,29,2026-09-19T23:32:43Z,"[""e792""]",data/urlquery-investigation-20260923/raw/31523fa7-6eb4-4432-b2d6-506066f4a2f8.json,/http/12,GET,ramp_supporting_resource,200,False,[],False,967
31523fa7-6eb4-4432-b2d6-506066f4a2f8,http_request,2026-09-19T23:32:17.339Z,2026-09-19T23:32:17.357Z,18,2026-09-19T23:32:43Z,"[""e792""]",data/urlquery-investigation-20260923/raw/31523fa7-6eb4-4432-b2d6-506066f4a2f8.json,/http/40,GET,ramp_supporting_resource,200,False,[],False,227578
31523fa7-6eb4-4432-b2d6-506066f4a2f8,http_request,2026-09-19T23:32:17.341Z,2026-09-19T23:32:17.360Z,19,2026-09-19T23:32:43Z,"[""e792""]",data/urlquery-investigation-20260923/raw/31523fa7-6eb4-4432-b2d6-506066f4a2f8.json,/http/19,GET,ramp_supporting_resource,200,False,[],False,48179
31523fa7-6eb4-4432-b2d6-506066f4a2f8,http_request,2026-09-19T23:32:17.343Z,2026-09-19T23:32:17.355Z,12,2026-09-19T23:32:43Z,"[""e792""]",data/urlquery-investigation-20260923/raw/31523fa7-6eb4-4432-b2d6-506066f4a2f8.json,/http/24,GET,ramp_supporting_resource,200,False,[],False,11765
31523fa7-6eb4-4432-b2d6-506066f4a2f8,http_request,2026-09-19T23:32:17.344Z,2026-09-19T23:32:17.366Z,22,2026-09-19T23:32:43Z,"[""e792""]",data/urlquery-investigation-20260923/raw/31523fa7-6eb4-4432-b2d6-506066f4a2f8.json,/http/35,GET,ramp_supporting_resource,200,False,[],False,105327
31523fa7-6eb4-4432-b2d6-506066f4a2f8,http_request,2026-09-19T23:32:17.347Z,2026-09-19T23:32:17.367Z,20,2026-09-19T23:32:43Z,"[""e792""]",data/urlquery-investigation-20260923/raw/31523fa7-6eb4-4432-b2d6-506066f4a2f8.json,/http/41,GET,ramp_supporting_resource,200,False,[],False,5944
31523fa7-6eb4-4432-b2d6-506066f4a2f8,http_request,2026-09-19T23:32:17.348Z,2026-09-19T23:32:17.367Z,19,2026-09-19T23:32:43Z,"[""e792""]",data/urlquery-investigation-20260923/raw/31523fa7-6eb4-4432-b2d6-506066f4a2f8.json,/http/20,GET,ramp_supporting_resource,200,False,[],False,26492
31523fa7-6eb4-4432-b2d6-506066f4a2f8,http_request,2026-09-19T23:32:17.350Z,2026-09-19T23:32:17.362Z,12,2026-09-19T23:32:43Z,"[""e792""]",data/urlquery-investigation-20260923/raw/31523fa7-6eb4-4432-b2d6-506066f4a2f8.json,/http/13,GET,ramp_supporting_resource,200,False,[],False,273687
31523fa7-6eb4-4432-b2d6-506066f4a2f8,http_request,2026-09-19T23:32:17.351Z,2026-09-19T23:32:17.367Z,16,2026-09-19T23:32:43Z,"[""e792""]",data/urlquery-investigation-20260923/raw/31523fa7-6eb4-4432-b2d6-506066f4a2f8.json,/http/25,GET,ramp_supporting_resource,200,False,[],False,12499
31523fa7-6eb4-4432-b2d6-506066f4a2f8,http_request,2026-09-19T23:32:17.353Z,2026-09-19T23:32:17.367Z,14,2026-09-19T23:32:43Z,"[""e792""]",data/urlquery-investigation-20260923/raw/31523fa7-6eb4-4432-b2d6-506066f4a2f8.json,/http/26,GET,ramp_supporting_resource,200,False,[],False,14506
31523fa7-6eb4-4432-b2d6-506066f4a2f8,http_request,2026-09-19T23:32:17.354Z,2026-09-19T23:32:17.377Z,23,2026-09-19T23:32:43Z,"[""e792""]",data/urlquery-investigation-20260923/raw/31523fa7-6eb4-4432-b2d6-506066f4a2f8.json,/http/30,GET,ramp_supporting_resource,200,False,[],False,129998
31523fa7-6eb4-4432-b2d6-506066f4a2f8,http_request,2026-09-19T23:32:17.356Z,2026-09-19T23:32:17.373Z,17,2026-09-19T23:32:43Z,"[""e792""]",data/urlquery-investigation-20260923/raw/31523fa7-6eb4-4432-b2d6-506066f4a2f8.json,/http/31,GET,ramp_supporting_resource,200,False,[],False,10387
31523fa7-6eb4-4432-b2d6-506066f4a2f8,http_request,2026-09-19T23:32:17.358Z,2026-09-19T23:32:17.373Z,15,2026-09-19T23:32:43Z,"[""e792""]",data/urlquery-investigation-20260923/raw/31523fa7-6eb4-4432-b2d6-506066f4a2f8.json,/http/42,GET,ramp_supporting_resource,200,False,[],False,3109
31523fa7-6eb4-4432-b2d6-506066f4a2f8,http_request,2026-09-19T23:32:17.359Z,2026-09-19T23:32:17.710Z,351,2026-09-19T23:32:43Z,"[""e792""]",data/urlquery-investigation-20260923/raw/31523fa7-6eb4-4432-b2d6-506066f4a2f8.json,/http/36,GET,ramp_supporting_resource,200,False,[],False,22912
31523fa7-6eb4-4432-b2d6-506066f4a2f8,http_request,2026-09-19T23:32:17.360Z,2026-09-19T23:32:17.697Z,337,2026-09-19T23:32:43Z,"[""e792""]",data/urlquery-investigation-20260923/raw/31523fa7-6eb4-4432-b2d6-506066f4a2f8.json,/http/27,GET,ramp_supporting_resource,200,False,[],False,1244
31523fa7-6eb4-4432-b2d6-506066f4a2f8,http_request,2026-09-19T23:32:17.362Z,2026-09-19T23:32:17.380Z,18,2026-09-19T23:32:43Z,"[""e792""]",data/urlquery-investigation-20260923/raw/31523fa7-6eb4-4432-b2d6-506066f4a2f8.json,/http/14,GET,ramp_supporting_resource,200,False,[],False,3487
31523fa7-6eb4-4432-b2d6-506066f4a2f8,http_request,2026-09-19T23:32:17.436Z,2026-09-19T23:32:17.751Z,315,2026-09-19T23:32:43Z,"[""e792""]",data/urlquery-investigation-20260923/raw/31523fa7-6eb4-4432-b2d6-506066f4a2f8.json,/http/15,GET,ramp_supporting_resource,200,False,[],False,663
31523fa7-6eb4-4432-b2d6-506066f4a2f8,http_request,2026-09-19T23:32:17.438Z,2026-09-19T23:32:17.774Z,336,2026-09-19T23:32:43Z,"[""e792""]",data/urlquery-investigation-20260923/raw/31523fa7-6eb4-4432-b2d6-506066f4a2f8.json,/http/37,GET,ramp_supporting_resource,200,False,[],False,469
31523fa7-6eb4-4432-b2d6-506066f4a2f8,http_request,2026-09-19T23:32:17.440Z,2026-09-19T23:32:17.784Z,344,2026-09-19T23:32:43Z,"[""e792""]",data/urlquery-investigation-20260923/raw/31523fa7-6eb4-4432-b2d6-506066f4a2f8.json,/http/47,GET,ramp_supporting_resource,200,False,[],False,1444
31523fa7-6eb4-4432-b2d6-506066f4a2f8,http_request,2026-09-19T23:32:17.455Z,2026-09-19T23:32:17.492Z,37,2026-09-19T23:32:43Z,"[""e792""]",data/urlquery-investigation-20260923/raw/31523fa7-6eb4-4432-b2d6-506066f4a2f8.json,/http/32,GET,ramp_supporting_resource,200,False,[],False,78072
31523fa7-6eb4-4432-b2d6-506066f4a2f8,http_request,2026-09-19T23:32:17.742Z,2026-09-19T23:32:24.309Z,6567,2026-09-19T23:32:43Z,"[""e792""]",data/urlquery-investigation-20260923/raw/31523fa7-6eb4-4432-b2d6-506066f4a2f8.json,/http/0,GET,supporting_resource,200,False,[],False,17484
31523fa7-6eb4-4432-b2d6-506066f4a2f8,http_request,2026-09-19T23:32:17.744Z,2026-09-19T23:32:18.098Z,354,2026-09-19T23:32:43Z,"[""e792""]",data/urlquery-investigation-20260923/raw/31523fa7-6eb4-4432-b2d6-506066f4a2f8.json,/http/33,GET,supporting_resource,200,False,[],False,809
31523fa7-6eb4-4432-b2d6-506066f4a2f8,http_request,2026-09-19T23:32:17.752Z,2026-09-19T23:32:18.106Z,354,2026-09-19T23:32:43Z,"[""e792""]",data/urlquery-investigation-20260923/raw/31523fa7-6eb4-4432-b2d6-506066f4a2f8.json,/http/34,GET,ramp_supporting_resource,200,False,[],False,272
31523fa7-6eb4-4432-b2d6-506066f4a2f8,http_request,2026-09-19T23:32:17.786Z,2026-09-19T23:32:17.930Z,144,2026-09-19T23:32:43Z,"[""e792""]",data/urlquery-investigation-20260923/raw/31523fa7-6eb4-4432-b2d6-506066f4a2f8.json,/http/1,POST,supporting_resource,200,False,[],False,15
31523fa7-6eb4-4432-b2d6-506066f4a2f8,http_request,2026-09-19T23:32:18.090Z,2026-09-19T23:32:18.408Z,318,2026-09-19T23:32:43Z,"[""e792""]",data/urlquery-investigation-20260923/raw/31523fa7-6eb4-4432-b2d6-506066f4a2f8.json,/http/2,GET,ramp_supporting_resource,200,False,[],False,4158
31523fa7-6eb4-4432-b2d6-506066f4a2f8,http_request,2026-09-19T23:32:18.117Z,2026-09-19T23:32:18.342Z,225,2026-09-19T23:32:43Z,"[""e792""]",data/urlquery-investigation-20260923/raw/31523fa7-6eb4-4432-b2d6-506066f4a2f8.json,/http/38,GET,supporting_resource,200,False,[],False,104632
31523fa7-6eb4-4432-b2d6-506066f4a2f8,http_request,2026-09-19T23:32:18.120Z,2026-09-19T23:32:18.303Z,183,2026-09-19T23:32:43Z,"[""e792""]",data/urlquery-investigation-20260923/raw/31523fa7-6eb4-4432-b2d6-506066f4a2f8.json,/http/8,GET,supporting_resource,200,False,[],False,22947
31523fa7-6eb4-4432-b2d6-506066f4a2f8,http_request,2026-09-19T23:32:18.121Z,2026-09-19T23:32:18.286Z,165,2026-09-19T23:32:43Z,"[""e792""]",data/urlquery-investigation-20260923/raw/31523fa7-6eb4-4432-b2d6-506066f4a2f8.json,/http/21,GET,supporting_resource,200,False,[],False,11042
31523fa7-6eb4-4432-b2d6-506066f4a2f8,http_request,2026-09-19T23:32:18.152Z,2026-09-19T23:32:18.184Z,32,2026-09-19T23:32:43Z,"[""e792""]",data/urlquery-investigation-20260923/raw/31523fa7-6eb4-4432-b2d6-506066f4a2f8.json,/http/43,POST,supporting_resource,200,False,[],False,1010
31523fa7-6eb4-4432-b2d6-506066f4a2f8,http_request,2026-09-19T23:32:26.351Z,2026-09-19T23:32:26.403Z,52,2026-09-19T23:32:43Z,"[""e792""]",data/urlquery-investigation-20260923/raw/31523fa7-6eb4-4432-b2d6-506066f4a2f8.json,/http/3,POST,supporting_resource,200,False,[],False,15
31523fa7-6eb4-4432-b2d6-506066f4a2f8,report_date,2026-09-19T23:32:43Z,,,2026-09-19T23:32:43Z,"[""e792""]",data/urlquery-investigation-20260923/raw/31523fa7-6eb4-4432-b2d6-506066f4a2f8.json,/date,,,,,,,
8d4f4f02-66e3-465c-a181-c4cc20fbdbc9,http_request,2026-09-19T23:39:50.257Z,2026-09-19T23:39:50.334Z,77,2026-09-19T23:40:18Z,"[""e792""]",data/urlquery-investigation-20260923/raw/8d4f4f02-66e3-465c-a181-c4cc20fbdbc9.json,/http/2,GET,/transaction/e792fakeid/sell/status,403,True,[],False,4906
8d4f4f02-66e3-465c-a181-c4cc20fbdbc9,http_request,2026-09-19T23:39:50.761Z,2026-09-19T23:39:50.768Z,7,2026-09-19T23:40:18Z,"[""e792""]",data/urlquery-investigation-20260923/raw/8d4f4f02-66e3-465c-a181-c4cc20fbdbc9.json,/http/3,GET,ramp_supporting_resource,200,False,[],False,24051
8d4f4f02-66e3-465c-a181-c4cc20fbdbc9,http_request,2026-09-19T23:39:50.796Z,2026-09-19T23:39:50.801Z,5,2026-09-19T23:40:18Z,"[""e792""]",data/urlquery-investigation-20260923/raw/8d4f4f02-66e3-465c-a181-c4cc20fbdbc9.json,/http/4,GET,ramp_supporting_resource,200,False,[],False,715
8d4f4f02-66e3-465c-a181-c4cc20fbdbc9,http_request,2026-09-19T23:39:50.797Z,2026-09-19T23:39:50.802Z,5,2026-09-19T23:40:18Z,"[""e792""]",data/urlquery-investigation-20260923/raw/8d4f4f02-66e3-465c-a181-c4cc20fbdbc9.json,/http/0,GET,ramp_supporting_resource,200,False,[],False,3213
8d4f4f02-66e3-465c-a181-c4cc20fbdbc9,http_request,2026-09-19T23:39:50.807Z,2026-09-19T23:39:50.839Z,32,2026-09-19T23:40:18Z,"[""e792""]",data/urlquery-investigation-20260923/raw/8d4f4f02-66e3-465c-a181-c4cc20fbdbc9.json,/http/1,GET,ramp_supporting_resource,403,False,[],False,4545
a0622898-50c0-4b20-8803-7090b8e86c6d,http_request,2026-09-19T23:39:52.590Z,2026-09-19T23:39:55.738Z,3148,2026-09-19T23:40:34Z,"[""e792""]",data/urlquery-investigation-20260923/raw/a0622898-50c0-4b20-8803-7090b8e86c6d.json,/http/35,GET,ramp_launch,403,True,[],False,6764
a0622898-50c0-4b20-8803-7090b8e86c6d,http_request,2026-09-19T23:39:55.910Z,2026-09-19T23:39:55.926Z,16,2026-09-19T23:40:34Z,"[""e792""]",data/urlquery-investigation-20260923/raw/a0622898-50c0-4b20-8803-7090b8e86c6d.json,/http/27,GET,ramp_supporting_resource,200,False,[],False,232133
a0622898-50c0-4b20-8803-7090b8e86c6d,http_request,2026-09-19T23:39:55.935Z,2026-09-19T23:39:55.940Z,5,2026-09-19T23:40:34Z,"[""e792""]",data/urlquery-investigation-20260923/raw/a0622898-50c0-4b20-8803-7090b8e86c6d.json,/http/1,GET,ramp_supporting_resource,403,False,[],False,5993
a0622898-50c0-4b20-8803-7090b8e86c6d,http_request,2026-09-19T23:39:56.181Z,2026-09-19T23:39:59.317Z,3136,2026-09-19T23:40:34Z,"[""e792""]",data/urlquery-investigation-20260923/raw/a0622898-50c0-4b20-8803-7090b8e86c6d.json,/http/19,GET,supporting_resource,200,False,[],False,86603
a0622898-50c0-4b20-8803-7090b8e86c6d,http_request,2026-09-19T23:39:56.202Z,2026-09-19T23:39:56.217Z,15,2026-09-19T23:40:34Z,"[""e792""]",data/urlquery-investigation-20260923/raw/a0622898-50c0-4b20-8803-7090b8e86c6d.json,/http/11,POST,ramp_supporting_resource,200,False,[],False,113768
a0622898-50c0-4b20-8803-7090b8e86c6d,http_request,2026-09-19T23:39:56.204Z,2026-09-19T23:39:56.212Z,8,2026-09-19T23:40:34Z,"[""e792""]",data/urlquery-investigation-20260923/raw/a0622898-50c0-4b20-8803-7090b8e86c6d.json,/http/12,GET,ramp_supporting_resource,403,False,[],False,5993
a0622898-50c0-4b20-8803-7090b8e86c6d,http_request,2026-09-19T23:39:59.354Z,2026-09-19T23:39:59.370Z,16,2026-09-19T23:40:34Z,"[""e792""]",data/urlquery-investigation-20260923/raw/a0622898-50c0-4b20-8803-7090b8e86c6d.json,/http/41,GET,supporting_resource,200,False,[],False,257266
a0622898-50c0-4b20-8803-7090b8e86c6d,http_request,2026-09-19T23:39:59.686Z,2026-09-19T23:39:59.857Z,171,2026-09-19T23:40:34Z,"[""e792""]",data/urlquery-investigation-20260923/raw/a0622898-50c0-4b20-8803-7090b8e86c6d.json,/http/6,POST,supporting_resource,200,False,[],False,846192
a0622898-50c0-4b20-8803-7090b8e86c6d,http_request,2026-09-19T23:40:00.122Z,2026-09-19T23:40:00.127Z,5,2026-09-19T23:40:34Z,"[""e792""]",data/urlquery-investigation-20260923/raw/a0622898-50c0-4b20-8803-7090b8e86c6d.json,/http/13,GET,supporting_resource,401,False,[],False,1
a0622898-50c0-4b20-8803-7090b8e86c6d,http_request,2026-09-19T23:40:00.136Z,2026-09-19T23:40:00.136Z,0,2026-09-19T23:40:34Z,"[""e792""]",data/urlquery-investigation-20260923/raw/a0622898-50c0-4b20-8803-7090b8e86c6d.json,/http/49,GET,supporting_resource,,False,[],False,0
a0622898-50c0-4b20-8803-7090b8e86c6d,http_request,2026-09-19T23:40:00.651Z,2026-09-19T23:40:00.656Z,5,2026-09-19T23:40:34Z,"[""e792""]",data/urlquery-investigation-20260923/raw/a0622898-50c0-4b20-8803-7090b8e86c6d.json,/http/14,GET,supporting_resource,200,False,[],False,7550
a0622898-50c0-4b20-8803-7090b8e86c6d,http_request,2026-09-19T23:40:01.385Z,2026-09-19T23:40:01.418Z,33,2026-09-19T23:40:34Z,"[""e792""]",data/urlquery-investigation-20260923/raw/a0622898-50c0-4b20-8803-7090b8e86c6d.json,/http/15,POST,supporting_resource,200,False,[],False,127232
a0622898-50c0-4b20-8803-7090b8e86c6d,http_request,2026-09-19T23:40:05.290Z,2026-09-19T23:40:05.315Z,25,2026-09-19T23:40:34Z,"[""e792""]",data/urlquery-investigation-20260923/raw/a0622898-50c0-4b20-8803-7090b8e86c6d.json,/http/7,POST,supporting_resource,200,False,[],False,5120
a0622898-50c0-4b20-8803-7090b8e86c6d,http_request,2026-09-19T23:40:05.365Z,2026-09-19T23:40:05.373Z,8,2026-09-19T23:40:34Z,"[""e792""]",data/urlquery-investigation-20260923/raw/a0622898-50c0-4b20-8803-7090b8e86c6d.json,/http/16,POST,ramp_supporting_resource,200,False,[],False,3240
a0622898-50c0-4b20-8803-7090b8e86c6d,http_request,2026-09-19T23:40:07.393Z,2026-09-19T23:40:07.750Z,357,2026-09-19T23:40:34Z,"[""e792""]",data/urlquery-investigation-20260923/raw/a0622898-50c0-4b20-8803-7090b8e86c6d.json,/http/42,GET,ramp_launch,200,True,[],False,13891
a0622898-50c0-4b20-8803-7090b8e86c6d,http_request,2026-09-19T23:40:07.814Z,2026-09-19T23:40:07.847Z,33,2026-09-19T23:40:34Z,"[""e792""]",data/urlquery-investigation-20260923/raw/a0622898-50c0-4b20-8803-7090b8e86c6d.json,/http/43,GET,ramp_supporting_resource,200,False,[],False,78072
a0622898-50c0-4b20-8803-7090b8e86c6d,http_request,2026-09-19T23:40:07.815Z,2026-09-19T23:40:07.846Z,31,2026-09-19T23:40:34Z,"[""e792""]",data/urlquery-investigation-20260923/raw/a0622898-50c0-4b20-8803-7090b8e86c6d.json,/http/28,GET,ramp_supporting_resource,200,False,[],False,36641
a0622898-50c0-4b20-8803-7090b8e86c6d,http_request,2026-09-19T23:40:07.818Z,2026-09-19T23:40:07.847Z,29,2026-09-19T23:40:34Z,"[""e792""]",data/urlquery-investigation-20260923/raw/a0622898-50c0-4b20-8803-7090b8e86c6d.json,/http/20,GET,ramp_supporting_resource,200,False,[],False,3983
a0622898-50c0-4b20-8803-7090b8e86c6d,http_request,2026-09-19T23:40:07.822Z,2026-09-19T23:40:07.847Z,25,2026-09-19T23:40:34Z,"[""e792""]",data/urlquery-investigation-20260923/raw/a0622898-50c0-4b20-8803-7090b8e86c6d.json,/http/0,GET,ramp_supporting_resource,200,False,[],False,173467
a0622898-50c0-4b20-8803-7090b8e86c6d,http_request,2026-09-19T23:40:07.824Z,2026-09-19T23:40:07.847Z,23,2026-09-19T23:40:34Z,"[""e792""]",data/urlquery-investigation-20260923/raw/a0622898-50c0-4b20-8803-7090b8e86c6d.json,/http/44,GET,ramp_supporting_resource,200,False,[],False,174483
a0622898-50c0-4b20-8803-7090b8e86c6d,http_request,2026-09-19T23:40:07.825Z,2026-09-19T23:40:07.846Z,21,2026-09-19T23:40:34Z,"[""e792""]",data/urlquery-investigation-20260923/raw/a0622898-50c0-4b20-8803-7090b8e86c6d.json,/http/8,GET,ramp_supporting_resource,200,False,[],False,967
a0622898-50c0-4b20-8803-7090b8e86c6d,http_request,2026-09-19T23:40:07.827Z,2026-09-19T23:40:07.868Z,41,2026-09-19T23:40:34Z,"[""e792""]",data/urlquery-investigation-20260923/raw/a0622898-50c0-4b20-8803-7090b8e86c6d.json,/http/45,GET,ramp_supporting_resource,200,False,[],False,227578
a0622898-50c0-4b20-8803-7090b8e86c6d,http_request,2026-09-19T23:40:07.828Z,2026-09-19T23:40:07.847Z,19,2026-09-19T23:40:34Z,"[""e792""]",data/urlquery-investigation-20260923/raw/a0622898-50c0-4b20-8803-7090b8e86c6d.json,/http/17,GET,ramp_supporting_resource,200,False,[],False,48179
a0622898-50c0-4b20-8803-7090b8e86c6d,http_request,2026-09-19T23:40:07.830Z,2026-09-19T23:40:07.868Z,38,2026-09-19T23:40:34Z,"[""e792""]",data/urlquery-investigation-20260923/raw/a0622898-50c0-4b20-8803-7090b8e86c6d.json,/http/18,GET,ramp_supporting_resource,200,False,[],False,11765
a0622898-50c0-4b20-8803-7090b8e86c6d,http_request,2026-09-19T23:40:07.831Z,2026-09-19T23:40:07.869Z,38,2026-09-19T23:40:34Z,"[""e792""]",data/urlquery-investigation-20260923/raw/a0622898-50c0-4b20-8803-7090b8e86c6d.json,/http/29,GET,ramp_supporting_resource,200,False,[],False,105327
a0622898-50c0-4b20-8803-7090b8e86c6d,http_request,2026-09-19T23:40:07.832Z,2026-09-19T23:40:07.868Z,36,2026-09-19T23:40:34Z,"[""e792""]",data/urlquery-investigation-20260923/raw/a0622898-50c0-4b20-8803-7090b8e86c6d.json,/http/46,GET,ramp_supporting_resource,200,False,[],False,5944
a0622898-50c0-4b20-8803-7090b8e86c6d,http_request,2026-09-19T23:40:07.834Z,2026-09-19T23:40:07.868Z,34,2026-09-19T23:40:34Z,"[""e792""]",data/urlquery-investigation-20260923/raw/a0622898-50c0-4b20-8803-7090b8e86c6d.json,/http/21,GET,ramp_supporting_resource,200,False,[],False,26492
a0622898-50c0-4b20-8803-7090b8e86c6d,http_request,2026-09-19T23:40:07.835Z,2026-09-19T23:40:07.868Z,33,2026-09-19T23:40:34Z,"[""e792""]",data/urlquery-investigation-20260923/raw/a0622898-50c0-4b20-8803-7090b8e86c6d.json,/http/36,GET,ramp_supporting_resource,200,False,[],False,273687
a0622898-50c0-4b20-8803-7090b8e86c6d,http_request,2026-09-19T23:40:07.837Z,2026-09-19T23:40:07.868Z,31,2026-09-19T23:40:34Z,"[""e792""]",data/urlquery-investigation-20260923/raw/a0622898-50c0-4b20-8803-7090b8e86c6d.json,/http/22,GET,ramp_supporting_resource,200,False,[],False,12499
a0622898-50c0-4b20-8803-7090b8e86c6d,http_request,2026-09-19T23:40:07.838Z,2026-09-19T23:40:07.868Z,30,2026-09-19T23:40:34Z,"[""e792""]",data/urlquery-investigation-20260923/raw/a0622898-50c0-4b20-8803-7090b8e86c6d.json,/http/2,GET,ramp_supporting_resource,200,False,[],False,14506
a0622898-50c0-4b20-8803-7090b8e86c6d,http_request,2026-09-19T23:40:07.839Z,2026-09-19T23:40:07.868Z,29,2026-09-19T23:40:34Z,"[""e792""]",data/urlquery-investigation-20260923/raw/a0622898-50c0-4b20-8803-7090b8e86c6d.json,/http/37,GET,ramp_supporting_resource,200,False,[],False,129998
a0622898-50c0-4b20-8803-7090b8e86c6d,http_request,2026-09-19T23:40:07.841Z,2026-09-19T23:40:07.869Z,28,2026-09-19T23:40:34Z,"[""e792""]",data/urlquery-investigation-20260923/raw/a0622898-50c0-4b20-8803-7090b8e86c6d.json,/http/38,GET,ramp_supporting_resource,200,False,[],False,10387
a0622898-50c0-4b20-8803-7090b8e86c6d,http_request,2026-09-19T23:40:07.842Z,2026-09-19T23:40:07.886Z,44,2026-09-19T23:40:34Z,"[""e792""]",data/urlquery-investigation-20260923/raw/a0622898-50c0-4b20-8803-7090b8e86c6d.json,/http/9,GET,ramp_supporting_resource,200,False,[],False,3109
a0622898-50c0-4b20-8803-7090b8e86c6d,http_request,2026-09-19T23:40:07.843Z,2026-09-19T23:40:07.886Z,43,2026-09-19T23:40:34Z,"[""e792""]",data/urlquery-investigation-20260923/raw/a0622898-50c0-4b20-8803-7090b8e86c6d.json,/http/39,GET,ramp_supporting_resource,200,False,[],False,24133
a0622898-50c0-4b20-8803-7090b8e86c6d,http_request,2026-09-19T23:40:07.844Z,2026-09-19T23:40:07.886Z,42,2026-09-19T23:40:34Z,"[""e792""]",data/urlquery-investigation-20260923/raw/a0622898-50c0-4b20-8803-7090b8e86c6d.json,/http/23,GET,ramp_supporting_resource,200,False,[],False,165
a0622898-50c0-4b20-8803-7090b8e86c6d,http_request,2026-09-19T23:40:07.845Z,2026-09-19T23:40:07.869Z,24,2026-09-19T23:40:34Z,"[""e792""]",data/urlquery-investigation-20260923/raw/a0622898-50c0-4b20-8803-7090b8e86c6d.json,/http/3,GET,ramp_supporting_resource,200,False,[],False,3487
a0622898-50c0-4b20-8803-7090b8e86c6d,http_request,2026-09-19T23:40:07.917Z,2026-09-19T23:40:08.237Z,320,2026-09-19T23:40:34Z,"[""e792""]",data/urlquery-investigation-20260923/raw/a0622898-50c0-4b20-8803-7090b8e86c6d.json,/http/24,GET,ramp_supporting_resource,200,False,[],False,1444
a0622898-50c0-4b20-8803-7090b8e86c6d,http_request,2026-09-19T23:40:08.063Z,2026-09-19T23:40:08.292Z,229,2026-09-19T23:40:34Z,"[""e792""]",data/urlquery-investigation-20260923/raw/a0622898-50c0-4b20-8803-7090b8e86c6d.json,/http/25,GET,supporting_resource,200,False,[],False,17484
a0622898-50c0-4b20-8803-7090b8e86c6d,http_request,2026-09-19T23:40:08.064Z,2026-09-19T23:40:11.550Z,3486,2026-09-19T23:40:34Z,"[""e792""]",data/urlquery-investigation-20260923/raw/a0622898-50c0-4b20-8803-7090b8e86c6d.json,/http/26,GET,supporting_resource,200,False,[],False,809
a0622898-50c0-4b20-8803-7090b8e86c6d,http_request,2026-09-19T23:40:08.107Z,2026-09-19T23:40:08.233Z,126,2026-09-19T23:40:34Z,"[""e792""]",data/urlquery-investigation-20260923/raw/a0622898-50c0-4b20-8803-7090b8e86c6d.json,/http/4,POST,/api/ramp-proxy/on_ramp_transactions/initiate/,308,False,[],False,0
a0622898-50c0-4b20-8803-7090b8e86c6d,http_request,2026-09-19T23:40:08.113Z,2026-09-19T23:40:08.213Z,100,2026-09-19T23:40:34Z,"[""e792""]",data/urlquery-investigation-20260923/raw/a0622898-50c0-4b20-8803-7090b8e86c6d.json,/http/30,POST,supporting_resource,200,False,[],False,15
a0622898-50c0-4b20-8803-7090b8e86c6d,http_request,2026-09-19T23:40:08.249Z,2026-09-19T23:40:08.620Z,371,2026-09-19T23:40:34Z,"[""e792""]",data/urlquery-investigation-20260923/raw/a0622898-50c0-4b20-8803-7090b8e86c6d.json,/http/47,POST,/api/ramp-proxy/on_ramp_transactions/initiate,400,False,[],False,71
a0622898-50c0-4b20-8803-7090b8e86c6d,http_request,2026-09-19T23:40:08.507Z,2026-09-19T23:40:08.826Z,319,2026-09-19T23:40:34Z,"[""e792""]",data/urlquery-investigation-20260923/raw/a0622898-50c0-4b20-8803-7090b8e86c6d.json,/http/31,GET,ramp_supporting_resource,200,False,[],False,4158
a0622898-50c0-4b20-8803-7090b8e86c6d,http_request,2026-09-19T23:40:08.656Z,2026-09-19T23:40:09.016Z,360,2026-09-19T23:40:34Z,"[""e792""]",data/urlquery-investigation-20260923/raw/a0622898-50c0-4b20-8803-7090b8e86c6d.json,/http/10,GET,ramp_supporting_resource,200,False,[],False,272
a0622898-50c0-4b20-8803-7090b8e86c6d,http_request,2026-09-19T23:40:11.065Z,2026-09-19T23:40:11.112Z,47,2026-09-19T23:40:34Z,"[""e792""]",data/urlquery-investigation-20260923/raw/a0622898-50c0-4b20-8803-7090b8e86c6d.json,/http/48,POST,supporting_resource,200,False,[],False,15
a0622898-50c0-4b20-8803-7090b8e86c6d,http_request,2026-09-19T23:40:11.559Z,2026-09-19T23:40:11.729Z,170,2026-09-19T23:40:34Z,"[""e792""]",data/urlquery-investigation-20260923/raw/a0622898-50c0-4b20-8803-7090b8e86c6d.json,/http/5,GET,supporting_resource,200,False,[],False,104632
a0622898-50c0-4b20-8803-7090b8e86c6d,http_request,2026-09-19T23:40:11.562Z,2026-09-19T23:40:11.729Z,167,2026-09-19T23:40:34Z,"[""e792""]",data/urlquery-investigation-20260923/raw/a0622898-50c0-4b20-8803-7090b8e86c6d.json,/http/32,GET,supporting_resource,200,False,[],False,22947
a0622898-50c0-4b20-8803-7090b8e86c6d,http_request,2026-09-19T23:40:11.563Z,2026-09-19T23:40:11.713Z,150,2026-09-19T23:40:34Z,"[""e792""]",data/urlquery-investigation-20260923/raw/a0622898-50c0-4b20-8803-7090b8e86c6d.json,/http/33,GET,supporting_resource,200,False,[],False,11042
a0622898-50c0-4b20-8803-7090b8e86c6d,http_request,2026-09-19T23:40:11.570Z,2026-09-19T23:40:11.600Z,30,2026-09-19T23:40:34Z,"[""e792""]",data/urlquery-investigation-20260923/raw/a0622898-50c0-4b20-8803-7090b8e86c6d.json,/http/34,POST,supporting_resource,200,False,[],False,1002
8d4f4f02-66e3-465c-a181-c4cc20fbdbc9,report_date,2026-09-19T23:40:18Z,,,2026-09-19T23:40:18Z,"[""e792""]",data/urlquery-investigation-20260923/raw/8d4f4f02-66e3-465c-a181-c4cc20fbdbc9.json,/date,,,,,,,
a0622898-50c0-4b20-8803-7090b8e86c6d,http_request,2026-09-19T23:40:19.731Z,2026-09-19T23:40:19.778Z,47,2026-09-19T23:40:34Z,"[""e792""]",data/urlquery-investigation-20260923/raw/a0622898-50c0-4b20-8803-7090b8e86c6d.json,/http/40,POST,supporting_resource,200,False,[],False,15
a0622898-50c0-4b20-8803-7090b8e86c6d,report_date,2026-09-19T23:40:34Z,,,2026-09-19T23:40:34Z,"[""e792""]",data/urlquery-investigation-20260923/raw/a0622898-50c0-4b20-8803-7090b8e86c6d.json,/date,,,,,,,
bdf482a4-6a84-4975-b362-8a1839ff728f,http_request,2026-09-20T00:04:11.905Z,2026-09-20T00:04:12.435Z,530,2026-09-20T00:04:40Z,"[""e898""]",data/urlquery-investigation-20260923/raw/bdf482a4-6a84-4975-b362-8a1839ff728f.json,/http/1,GET,payload_host_document,200,True,[],False,173
bdf482a4-6a84-4975-b362-8a1839ff728f,http_request,2026-09-20T00:04:12.613Z,2026-09-20T00:04:12.755Z,142,2026-09-20T00:04:40Z,"[""e898""]",data/urlquery-investigation-20260923/raw/bdf482a4-6a84-4975-b362-8a1839ff728f.json,/http/0,GET,supporting_resource,404,False,[],False,233
bdf482a4-6a84-4975-b362-8a1839ff728f,report_date,2026-09-20T00:04:40Z,,,2026-09-20T00:04:40Z,"[""e898""]",data/urlquery-investigation-20260923/raw/bdf482a4-6a84-4975-b362-8a1839ff728f.json,/date,,,,,,,
fa7c2f4c-4799-412c-9f85-0d9f38eb194b,http_request,2026-09-20T00:12:41.209Z,2026-09-20T00:12:41.731Z,522,2026-09-20T00:13:26Z,"[""e898""]",data/urlquery-investigation-20260923/raw/fa7c2f4c-4799-412c-9f85-0d9f38eb194b.json,/http/7,GET,payload_host_document,200,True,[],False,2312
fa7c2f4c-4799-412c-9f85-0d9f38eb194b,http_request,2026-09-20T00:12:42.212Z,2026-09-20T00:12:48.673Z,6461,2026-09-20T00:13:26Z,"[""e898""]",data/urlquery-investigation-20260923/raw/fa7c2f4c-4799-412c-9f85-0d9f38eb194b.json,/http/2,OPTIONS,/api/ramp-proxy/off_ramp_transactions/transaction/[sell-ref]/,403,False,"[""sell-ref""]",False,0
fa7c2f4c-4799-412c-9f85-0d9f38eb194b,http_request,2026-09-20T00:12:42.305Z,2026-09-20T00:12:42.409Z,104,2026-09-20T00:13:26Z,"[""e898""]",data/urlquery-investigation-20260923/raw/fa7c2f4c-4799-412c-9f85-0d9f38eb194b.json,/http/3,GET,supporting_resource,404,False,[],False,233
fa7c2f4c-4799-412c-9f85-0d9f38eb194b,http_request,2026-09-20T00:12:48.695Z,2026-09-20T00:12:48.706Z,11,2026-09-20T00:13:26Z,"[""e898""]",data/urlquery-investigation-20260923/raw/fa7c2f4c-4799-412c-9f85-0d9f38eb194b.json,/http/4,OPTIONS,/api/ramp-proxy/auth/send_otp/,403,False,[],False,0
fa7c2f4c-4799-412c-9f85-0d9f38eb194b,http_request,2026-09-20T00:12:48.714Z,2026-09-20T00:12:48.726Z,12,2026-09-20T00:13:26Z,"[""e898""]",data/urlquery-investigation-20260923/raw/fa7c2f4c-4799-412c-9f85-0d9f38eb194b.json,/http/5,OPTIONS,/api/ramp-proxy/auth/verify_otp/,403,False,[],False,0
fa7c2f4c-4799-412c-9f85-0d9f38eb194b,http_request,2026-09-20T00:12:48.734Z,2026-09-20T00:12:48.747Z,13,2026-09-20T00:13:26Z,"[""e898""]",data/urlquery-investigation-20260923/raw/fa7c2f4c-4799-412c-9f85-0d9f38eb194b.json,/http/0,OPTIONS,/api/ramp-proxy/kyc/smile_ids/qa_reset/,403,False,[],False,0
fa7c2f4c-4799-412c-9f85-0d9f38eb194b,http_request,2026-09-20T00:12:48.756Z,2026-09-20T00:12:48.768Z,12,2026-09-20T00:13:26Z,"[""e898""]",data/urlquery-investigation-20260923/raw/fa7c2f4c-4799-412c-9f85-0d9f38eb194b.json,/http/1,OPTIONS,/api/ramp-proxy/on_ramp_transactions/add_wallet_address/,403,False,[],False,0
fa7c2f4c-4799-412c-9f85-0d9f38eb194b,http_request,2026-09-20T00:12:48.776Z,2026-09-20T00:12:48.790Z,14,2026-09-20T00:13:26Z,"[""e898""]",data/urlquery-investigation-20260923/raw/fa7c2f4c-4799-412c-9f85-0d9f38eb194b.json,/http/8,OPTIONS,/api/ramp-proxy/off_ramp_transactions/assign_address/,403,False,[],False,0
fa7c2f4c-4799-412c-9f85-0d9f38eb194b,http_request,2026-09-20T00:12:48.798Z,2026-09-20T00:12:48.814Z,16,2026-09-20T00:13:26Z,"[""e898""]",data/urlquery-investigation-20260923/raw/fa7c2f4c-4799-412c-9f85-0d9f38eb194b.json,/http/6,OPTIONS,/api/ramp-proxy/off_ramp_transactions/[sell-ref]/cancel,403,False,"[""sell-ref""]",False,0
fa7c2f4c-4799-412c-9f85-0d9f38eb194b,report_date,2026-09-20T00:13:26Z,,,2026-09-20T00:13:26Z,"[""e898""]",data/urlquery-investigation-20260923/raw/fa7c2f4c-4799-412c-9f85-0d9f38eb194b.json,/date,,,,,,,
7cf8f5a2-6788-4c78-b7c7-f8e96d1f7533,http_request,2026-09-20T00:20:24.036Z,2026-09-20T00:20:24.541Z,505,2026-09-20T00:20:53Z,"[""e898""]",data/urlquery-investigation-20260923/raw/7cf8f5a2-6788-4c78-b7c7-f8e96d1f7533.json,/http/1,GET,payload_host_document,200,True,[],False,1345
7cf8f5a2-6788-4c78-b7c7-f8e96d1f7533,http_request,2026-09-20T00:20:25.007Z,2026-09-20T00:20:25.042Z,35,2026-09-20T00:20:53Z,"[""e898""]",data/urlquery-investigation-20260923/raw/7cf8f5a2-6788-4c78-b7c7-f8e96d1f7533.json,/http/2,GET,/api/ramp-proxy/off_ramp_transactions/transaction/[sell-ref]/,403,False,"[""sell-ref""]",False,6089
7cf8f5a2-6788-4c78-b7c7-f8e96d1f7533,http_request,2026-09-20T00:20:25.064Z,2026-09-20T00:20:25.165Z,101,2026-09-20T00:20:53Z,"[""e898""]",data/urlquery-investigation-20260923/raw/7cf8f5a2-6788-4c78-b7c7-f8e96d1f7533.json,/http/6,GET,supporting_resource,404,False,[],False,233
7cf8f5a2-6788-4c78-b7c7-f8e96d1f7533,http_request,2026-09-20T00:20:25.066Z,2026-09-20T00:20:25.432Z,366,2026-09-20T00:20:53Z,"[""e898""]",data/urlquery-investigation-20260923/raw/7cf8f5a2-6788-4c78-b7c7-f8e96d1f7533.json,/http/7,POST,/api/ramp-proxy/auth/verify_otp/,308,False,[],False,0
7cf8f5a2-6788-4c78-b7c7-f8e96d1f7533,http_request,2026-09-20T00:20:25.439Z,2026-09-20T00:20:25.577Z,138,2026-09-20T00:20:53Z,"[""e898""]",data/urlquery-investigation-20260923/raw/7cf8f5a2-6788-4c78-b7c7-f8e96d1f7533.json,/http/8,POST,/api/ramp-proxy/auth/verify_otp,403,False,[],False,0
7cf8f5a2-6788-4c78-b7c7-f8e96d1f7533,http_request,2026-09-20T00:20:25.584Z,2026-09-20T00:20:25.584Z,0,2026-09-20T00:20:53Z,"[""e898""]",data/urlquery-investigation-20260923/raw/7cf8f5a2-6788-4c78-b7c7-f8e96d1f7533.json,/http/3,POST,/api/ramp-proxy/on_ramp_transactions/add_wallet_address/,403,False,"[""buy-ref""]",False,0
7cf8f5a2-6788-4c78-b7c7-f8e96d1f7533,http_request,2026-09-20T00:20:25.599Z,2026-09-20T00:20:25.732Z,133,2026-09-20T00:20:53Z,"[""e898""]",data/urlquery-investigation-20260923/raw/7cf8f5a2-6788-4c78-b7c7-f8e96d1f7533.json,/http/9,POST,/api/ramp-proxy/off_ramp_transactions/assign_address/,308,False,"[""sell-ref""]",False,0
7cf8f5a2-6788-4c78-b7c7-f8e96d1f7533,http_request,2026-09-20T00:20:25.737Z,2026-09-20T00:20:25.869Z,132,2026-09-20T00:20:53Z,"[""e898""]",data/urlquery-investigation-20260923/raw/7cf8f5a2-6788-4c78-b7c7-f8e96d1f7533.json,/http/4,POST,/api/ramp-proxy/off_ramp_transactions/assign_address,403,False,"[""sell-ref""]",False,0
7cf8f5a2-6788-4c78-b7c7-f8e96d1f7533,http_request,2026-09-20T00:20:25.874Z,2026-09-20T00:20:26.237Z,363,2026-09-20T00:20:53Z,"[""e898""]",data/urlquery-investigation-20260923/raw/7cf8f5a2-6788-4c78-b7c7-f8e96d1f7533.json,/http/5,POST,/api/ramp-proxy/kyc/smile_ids/qa_reset/,308,False,[],False,0
7cf8f5a2-6788-4c78-b7c7-f8e96d1f7533,http_request,2026-09-20T00:20:26.242Z,2026-09-20T00:20:26.371Z,129,2026-09-20T00:20:53Z,"[""e898""]",data/urlquery-investigation-20260923/raw/7cf8f5a2-6788-4c78-b7c7-f8e96d1f7533.json,/http/0,POST,/api/ramp-proxy/kyc/smile_ids/qa_reset,403,False,[],False,0
7cf8f5a2-6788-4c78-b7c7-f8e96d1f7533,report_date,2026-09-20T00:20:53Z,,,2026-09-20T00:20:53Z,"[""e898""]",data/urlquery-investigation-20260923/raw/7cf8f5a2-6788-4c78-b7c7-f8e96d1f7533.json,/date,,,,,,,
595ea88a-07a4-445b-8a5e-288c5f9b8453,http_request,2026-09-20T00:22:23.766Z,2026-09-20T00:22:24.272Z,506,2026-09-20T00:22:53Z,"[""e898""]",data/urlquery-investigation-20260923/raw/595ea88a-07a4-445b-8a5e-288c5f9b8453.json,/http/5,GET,payload_host_document,200,True,[],False,1520
595ea88a-07a4-445b-8a5e-288c5f9b8453,http_request,2026-09-20T00:22:24.671Z,2026-09-20T00:22:27.812Z,3141,2026-09-20T00:22:53Z,"[""e898""]",data/urlquery-investigation-20260923/raw/595ea88a-07a4-445b-8a5e-288c5f9b8453.json,/http/6,GET,/api/ramp-proxy/off_ramp_transactions/transaction/[sell-ref],403,False,"[""sell-ref""]",False,6086
595ea88a-07a4-445b-8a5e-288c5f9b8453,http_request,2026-09-20T00:22:24.771Z,2026-09-20T00:22:24.873Z,102,2026-09-20T00:22:53Z,"[""e898""]",data/urlquery-investigation-20260923/raw/595ea88a-07a4-445b-8a5e-288c5f9b8453.json,/http/7,GET,supporting_resource,404,False,[],False,233
595ea88a-07a4-445b-8a5e-288c5f9b8453,http_request,2026-09-20T00:22:27.832Z,2026-09-20T00:22:27.832Z,0,2026-09-20T00:22:53Z,"[""e898""]",data/urlquery-investigation-20260923/raw/595ea88a-07a4-445b-8a5e-288c5f9b8453.json,/http/0,POST,/api/ramp-proxy/auth/send_otp,403,False,[],False,0
595ea88a-07a4-445b-8a5e-288c5f9b8453,http_request,2026-09-20T00:22:27.847Z,2026-09-20T00:22:28.287Z,440,2026-09-20T00:22:53Z,"[""e898""]",data/urlquery-investigation-20260923/raw/595ea88a-07a4-445b-8a5e-288c5f9b8453.json,/http/1,POST,/api/ramp-proxy/auth/verify_otp,403,False,[],False,0
595ea88a-07a4-445b-8a5e-288c5f9b8453,http_request,2026-09-20T00:22:28.293Z,2026-09-20T00:22:28.450Z,157,2026-09-20T00:22:53Z,"[""e898""]",data/urlquery-investigation-20260923/raw/595ea88a-07a4-445b-8a5e-288c5f9b8453.json,/http/2,POST,/api/ramp-proxy/kyc/smile_ids/qa_reset,403,False,[],False,0
595ea88a-07a4-445b-8a5e-288c5f9b8453,http_request,2026-09-20T00:22:28.456Z,2026-09-20T00:22:28.456Z,0,2026-09-20T00:22:53Z,"[""e898""]",data/urlquery-investigation-20260923/raw/595ea88a-07a4-445b-8a5e-288c5f9b8453.json,/http/3,POST,/api/ramp-proxy/on_ramp_transactions/add_wallet_address,403,False,"[""buy-ref""]",False,0
595ea88a-07a4-445b-8a5e-288c5f9b8453,http_request,2026-09-20T00:22:28.471Z,2026-09-20T00:22:28.629Z,158,2026-09-20T00:22:53Z,"[""e898""]",data/urlquery-investigation-20260923/raw/595ea88a-07a4-445b-8a5e-288c5f9b8453.json,/http/4,POST,/api/ramp-proxy/off_ramp_transactions/assign_address,403,False,"[""sell-ref""]",False,0
595ea88a-07a4-445b-8a5e-288c5f9b8453,report_date,2026-09-20T00:22:53Z,,,2026-09-20T00:22:53Z,"[""e898""]",data/urlquery-investigation-20260923/raw/595ea88a-07a4-445b-8a5e-288c5f9b8453.json,/date,,,,,,,
328fc5f4-0ef9-441d-bb3c-e11dcb1167fa,http_request,2026-09-20T00:24:43.833Z,2026-09-20T00:24:44.366Z,533,2026-09-20T00:25:19Z,"[""e898""]",data/urlquery-investigation-20260923/raw/328fc5f4-0ef9-441d-bb3c-e11dcb1167fa.json,/http/5,GET,payload_host_document,200,True,[],False,1715
328fc5f4-0ef9-441d-bb3c-e11dcb1167fa,http_request,2026-09-20T00:24:44.741Z,2026-09-20T00:24:45.180Z,439,2026-09-20T00:25:19Z,"[""e898""]",data/urlquery-investigation-20260923/raw/328fc5f4-0ef9-441d-bb3c-e11dcb1167fa.json,/http/0,POST,/api/ramp-proxy/auth/verify_otp,403,False,[],False,69
328fc5f4-0ef9-441d-bb3c-e11dcb1167fa,http_request,2026-09-20T00:24:44.842Z,2026-09-20T00:24:44.945Z,103,2026-09-20T00:25:19Z,"[""e898""]",data/urlquery-investigation-20260923/raw/328fc5f4-0ef9-441d-bb3c-e11dcb1167fa.json,/http/1,GET,supporting_resource,404,False,[],False,233
328fc5f4-0ef9-441d-bb3c-e11dcb1167fa,http_request,2026-09-20T00:24:45.196Z,2026-09-20T00:24:45.355Z,159,2026-09-20T00:25:19Z,"[""e898""]",data/urlquery-investigation-20260923/raw/328fc5f4-0ef9-441d-bb3c-e11dcb1167fa.json,/http/6,POST,/api/ramp-proxy/auth/verify_otp,403,False,[],False,69
328fc5f4-0ef9-441d-bb3c-e11dcb1167fa,http_request,2026-09-20T00:24:45.361Z,2026-09-20T00:24:45.524Z,163,2026-09-20T00:25:19Z,"[""e898""]",data/urlquery-investigation-20260923/raw/328fc5f4-0ef9-441d-bb3c-e11dcb1167fa.json,/http/2,POST,/api/ramp-proxy/auth/send_otp,403,False,[],False,69
328fc5f4-0ef9-441d-bb3c-e11dcb1167fa,http_request,2026-09-20T00:24:45.531Z,2026-09-20T00:24:45.690Z,159,2026-09-20T00:25:19Z,"[""e898""]",data/urlquery-investigation-20260923/raw/328fc5f4-0ef9-441d-bb3c-e11dcb1167fa.json,/http/3,POST,/api/ramp-proxy/kyc/smile_ids/qa_reset,403,False,[],False,69
328fc5f4-0ef9-441d-bb3c-e11dcb1167fa,http_request,2026-09-20T00:24:45.695Z,2026-09-20T00:24:45.865Z,170,2026-09-20T00:25:19Z,"[""e898""]",data/urlquery-investigation-20260923/raw/328fc5f4-0ef9-441d-bb3c-e11dcb1167fa.json,/http/4,POST,/api/ramp-proxy/on_ramp_transactions/add_wallet_address,404,False,"[""buy-ref""]",False,2
328fc5f4-0ef9-441d-bb3c-e11dcb1167fa,http_request,2026-09-20T00:24:45.872Z,2026-09-20T00:24:45.880Z,8,2026-09-20T00:25:19Z,"[""e898""]",data/urlquery-investigation-20260923/raw/328fc5f4-0ef9-441d-bb3c-e11dcb1167fa.json,/http/7,POST,/api/ramp-proxy/off_ramp_transactions/assign_address,403,False,"[""sell-ref""]",False,6048
328fc5f4-0ef9-441d-bb3c-e11dcb1167fa,http_request,2026-09-20T00:24:45.885Z,2026-09-20T00:24:45.892Z,7,2026-09-20T00:25:19Z,"[""e898""]",data/urlquery-investigation-20260923/raw/328fc5f4-0ef9-441d-bb3c-e11dcb1167fa.json,/http/8,GET,/api/ramp-proxy/off_ramp_transactions/transaction/[sell-ref],403,False,"[""sell-ref""]",False,6086
328fc5f4-0ef9-441d-bb3c-e11dcb1167fa,report_date,2026-09-20T00:25:19Z,,,2026-09-20T00:25:19Z,"[""e898""]",data/urlquery-investigation-20260923/raw/328fc5f4-0ef9-441d-bb3c-e11dcb1167fa.json,/date,,,,,,,
f825e84d-5014-4819-ab26-31c6e794fc6e,http_request,2026-09-20T00:27:15.982Z,2026-09-20T00:27:16.491Z,509,2026-09-20T00:27:44Z,"[""e898""]",data/urlquery-investigation-20260923/raw/f825e84d-5014-4819-ab26-31c6e794fc6e.json,/http/6,GET,payload_host_document,200,True,[],False,1696
f825e84d-5014-4819-ab26-31c6e794fc6e,http_request,2026-09-20T00:27:16.969Z,2026-09-20T00:27:17.559Z,590,2026-09-20T00:27:44Z,"[""e898""]",data/urlquery-investigation-20260923/raw/f825e84d-5014-4819-ab26-31c6e794fc6e.json,/http/7,OPTIONS,/api/ramp-proxy/auth/verify_otp/,308,False,[],False,0
f825e84d-5014-4819-ab26-31c6e794fc6e,http_request,2026-09-20T00:27:17.058Z,2026-09-20T00:27:17.159Z,101,2026-09-20T00:27:44Z,"[""e898""]",data/urlquery-investigation-20260923/raw/f825e84d-5014-4819-ab26-31c6e794fc6e.json,/http/2,GET,supporting_resource,404,False,[],False,233
f825e84d-5014-4819-ab26-31c6e794fc6e,http_request,2026-09-20T00:27:19.085Z,2026-09-20T00:27:19.212Z,127,2026-09-20T00:27:44Z,"[""e898""]",data/urlquery-investigation-20260923/raw/f825e84d-5014-4819-ab26-31c6e794fc6e.json,/http/3,OPTIONS,/api/ramp-proxy/auth/verify_otp/,308,False,[],False,0
f825e84d-5014-4819-ab26-31c6e794fc6e,http_request,2026-09-20T00:27:20.722Z,2026-09-20T00:27:20.847Z,125,2026-09-20T00:27:44Z,"[""e898""]",data/urlquery-investigation-20260923/raw/f825e84d-5014-4819-ab26-31c6e794fc6e.json,/http/0,OPTIONS,/api/ramp-proxy/off_ramp_transactions/assign_address/,308,False,[],False,0
f825e84d-5014-4819-ab26-31c6e794fc6e,http_request,2026-09-20T00:27:22.358Z,2026-09-20T00:27:22.366Z,8,2026-09-20T00:27:44Z,"[""e898""]",data/urlquery-investigation-20260923/raw/f825e84d-5014-4819-ab26-31c6e794fc6e.json,/http/1,OPTIONS,/api/ramp-proxy/off_ramp_transactions/assign_address/,403,False,[],False,0
f825e84d-5014-4819-ab26-31c6e794fc6e,http_request,2026-09-20T00:27:23.874Z,2026-09-20T00:27:23.882Z,8,2026-09-20T00:27:44Z,"[""e898""]",data/urlquery-investigation-20260923/raw/f825e84d-5014-4819-ab26-31c6e794fc6e.json,/http/4,OPTIONS,/api/ramp-proxy/on_ramp_transactions/add_wallet_address/,403,False,[],False,0
f825e84d-5014-4819-ab26-31c6e794fc6e,http_request,2026-09-20T00:27:25.393Z,2026-09-20T00:27:25.526Z,133,2026-09-20T00:27:44Z,"[""e898""]",data/urlquery-investigation-20260923/raw/f825e84d-5014-4819-ab26-31c6e794fc6e.json,/http/5,OPTIONS,/api/ramp-proxy/on_ramp_transactions/add_wallet_address/,308,False,[],False,0
f825e84d-5014-4819-ab26-31c6e794fc6e,http_request,2026-09-20T00:27:27.038Z,2026-09-20T00:27:27.045Z,7,2026-09-20T00:27:44Z,"[""e898""]",data/urlquery-investigation-20260923/raw/f825e84d-5014-4819-ab26-31c6e794fc6e.json,/http/9,OPTIONS,/api/ramp-proxy/off_ramp_transactions/transaction/[sell-ref]/,403,False,"[""sell-ref""]",False,0
f825e84d-5014-4819-ab26-31c6e794fc6e,http_request,2026-09-20T00:27:28.714Z,2026-09-20T00:27:28.839Z,125,2026-09-20T00:27:44Z,"[""e898""]",data/urlquery-investigation-20260923/raw/f825e84d-5014-4819-ab26-31c6e794fc6e.json,/http/10,OPTIONS,/api/ramp-proxy/off_ramp_transactions/transaction/[sell-ref]/,308,False,"[""sell-ref""]",False,0
f825e84d-5014-4819-ab26-31c6e794fc6e,http_request,2026-09-20T00:27:30.352Z,2026-09-20T00:27:30.476Z,124,2026-09-20T00:27:44Z,"[""e898""]",data/urlquery-investigation-20260923/raw/f825e84d-5014-4819-ab26-31c6e794fc6e.json,/http/11,OPTIONS,/api/ramp-proxy/kyc/smile_ids/qa_reset/,308,False,[],False,0
f825e84d-5014-4819-ab26-31c6e794fc6e,http_request,2026-09-20T00:27:31.988Z,2026-09-20T00:27:32.117Z,129,2026-09-20T00:27:44Z,"[""e898""]",data/urlquery-investigation-20260923/raw/f825e84d-5014-4819-ab26-31c6e794fc6e.json,/http/8,OPTIONS,/api/ramp-proxy/kyc/smile_ids/qa_reset/,308,False,[],False,0
f825e84d-5014-4819-ab26-31c6e794fc6e,report_date,2026-09-20T00:27:44Z,,,2026-09-20T00:27:44Z,"[""e898""]",data/urlquery-investigation-20260923/raw/f825e84d-5014-4819-ab26-31c6e794fc6e.json,/date,,,,,,,
